Date,Last Price,Volume,RSI,MACD,News Sentiment - Daily Average,News Publication Count,P/E,P/B,Correction
4/12/2019,9,69332032,33.6784,-0.1374,-0.1919,282,75,2.23325062,0
4/11/2019,9.12,54814780,35.459,-0.1299,-0.4331,215,76,2.263027295,0
4/10/2019,9.16,53871400,36.049,-0.1194,0.5519,376,76.33333333,2.272952854,0
4/9/2019,9.22,83170704,36.9042,-0.0971,-0.834,1102,76.83333333,2.287841191,0
4/8/2019,9.49,176008192,40.9649,-0.0604,-0.7141,557,79.08333333,2.35483871,0
4/5/2019,10.01,43257192,51.0011,-0.0254,0.1025,204,83.41666667,2.483870968,0
4/4/2019,10.03,41034092,51.4513,-0.0219,0.5319,254,83.58333333,2.488833747,0
4/3/2019,10.1,56139476,52.9709,-0.018,0.0701,247,84.16666667,2.506203474,0
4/2/2019,10.24,51748244,56.045,-0.019,-0.2134,282,85.33333333,2.540942928,0
4/1/2019,10.1,51346000,53.5414,-0.035,0.6071,178,84.16666667,2.506203474,1
3/29/2019,9.99,48519104,51.5271,-0.045,0.3618,306,111,2.478908189,1
3/28/2019,9.89,45199384,49.6855,-0.0479,0.4142,310,109.8888889,2.454094293,1
3/27/2019,9.96,55148304,50.9436,-0.0404,0.2878,315,110.6666667,2.47146402,0
3/26/2019,10.1,47624824,53.4572,-0.0344,-0.6397,230,112.2222222,2.506203474,0
3/25/2019,9.88,49727744,49.8462,-0.0385,0.1429,131,109.7777778,2.451612903,1
3/22/2019,9.98,81563528,51.5338,-0.0219,0.0646,291,110.8888889,2.476426799,0
3/21/2019,10.27,50518944,56.7034,-0.0064,-0.3411,246,114.1111111,2.548387097,0
3/20/2019,10.22,48370032,55.9967,-0.0133,0.2501,198,113.5555556,2.535980149,1
3/19/2019,10.19,54680924,55.5929,-0.0209,0.2219,272,113.2222222,2.52853598,1
3/18/2019,10.2,91647448,55.7512,-0.031,0.084,129,113.3333333,2.53101737,0
3/15/2019,9.96,189194128,52.7516,-0.0483,0.7319,1063,110.6666667,2.47146402,1
3/14/2019,10.3,133870752,57.9163,-0.0504,0.5176,772,114.4444444,2.555831266,0
3/13/2019,10.02,74164480,54.5106,-0.0874,-0.2521,256,111.3333333,2.486352357,1
3/12/2019,9.76,99369552,51.0982,-0.1138,0.886,390,108.4444444,2.421836228,1
3/11/2019,9.9,106050448,53.0894,-0.1236,0.3131,456,110,2.456575682,0
3/8/2019,9.58,87518656,48.8596,-0.1472,-0.3566,376,106.4444444,2.377171216,1
3/7/2019,9.45,127481096,47.0589,-0.1444,-0.2237,822,105,2.344913151,1
3/6/2019,9.11,205777728,42.1083,-0.1198,0.4437,947,101.2222222,2.260545906,1
3/5/2019,9.89,178783616,52.5829,-0.0414,-0.2942,365,109.8888889,2.454094293,0
3/4/2019,10.38,69762944,61.5081,0.0018,0.7431,196,115.3333333,2.575682382,0
3/1/2019,10.27,89000224,60.0962,0.0145,-0.1758,314,114.1111111,2.548387097,1
2/28/2019,10.39,90862096,62.4154,0.0386,0.1672,433,115.4444444,2.578163772,0
2/27/2019,10.88,108833392,73.1135,0.0555,0.207,725,120.8888889,2.699751861,0
2/26/2019,10.66,103990624,71.0444,0.022,0.3991,1467,118.4444444,2.64516129,1
2/25/2019,10.4007,290232416,68.3816,-0.0166,0.4022,695,115.5633333,2.580818859,1
2/22/2019,9.7759,50741312,60.189,-0.056,-0.2141,262,108.6211111,2.425781638,1
2/21/2019,9.6414,49533184,58.0132,-0.0564,0.3807,246,107.1266667,2.392406948,1
2/20/2019,9.7086,48648592,59.5236,-0.0446,-0.3778,237,107.8733333,2.409081886,0
2/19/2019,9.7375,63568392,60.1468,-0.0349,0.0877,191,108.1944444,2.416253102,0
2/15/2019,9.699,78344512,59.6234,-0.0258,-0.3538,423,107.7666667,2.406699752,1
2/14/2019,9.651,93387112,58.9984,-0.0116,-0.3954,286,107.2333333,2.394789082,1
2/13/2019,9.9682,98937024,65.182,0.0104,0.4105,270,110.7577778,2.473498759,0
2/12/2019,9.5933,67122312,60.6568,0.0058,-0.4801,244,106.5922222,2.380471464,1
2/11/2019,9.6414,70687504,61.61,0.0297,0.1671,171,107.1266667,2.392406948,0
2/8/2019,9.4299,118549512,58.976,0.0538,0.3176,352,104.7766667,2.339925558,1
2/7/2019,9.6702,108704200,63.5791,0.103,0.2934,222,107.4466667,2.39955335,0
2/6/2019,10.0643,120486528,72.1557,0.1422,-0.1749,392,111.8255556,2.497344913,0
2/5/2019,10.2181,102823120,75.864,0.1469,0.1686,408,113.5344444,2.535508685,0
2/4/2019,9.8144,103243872,72.4074,0.1211,0.8667,150,109.0488889,2.435334988,1
2/1/2019,9.7952,158161792,72.2316,0.1062,0.8249,1453,108.8355556,2.43057072,1
1/31/2019,9.7663,348639456,71.9829,0.0712,0.8178,1176,108.5144444,2.423399504,1
1/30/2019,8.7474,86434568,60.3244,0.0083,0.3917,320,97.19333333,2.17057072,1
1/29/2019,8.5551,114467696,57.2043,0.0074,0.7566,406,95.05666667,2.122853598,1
1/28/2019,8.584,91635872,57.8378,0.0213,0.1798,216,95.37777778,2.130024814,0
1/25/2019,8.8051,112339640,62.7881,0.035,0.2923,298,97.83444444,2.184888337,0
1/24/2019,8.4398,90331552,57.1634,0.028,0.4295,317,93.77555556,2.094243176,1
1/23/2019,8.3917,72385912,56.3574,0.0482,0.199,276,93.24111111,2.082307692,1
1/22/2019,8.3244,108172008,55.2631,0.078,0.0592,162,92.49333333,2.06560794,1
1/18/2019,8.7089,92734520,63.7437,0.1228,0.4909,281,96.76555556,2.16101737,0
1/17/2019,8.7858,105792240,65.6137,0.1419,0.2888,249,97.62,2.180099256,0
1/16/2019,8.632,84265680,63.6324,0.1503,0.4363,242,95.91111111,2.141935484,1
1/15/2019,8.3917,94058192,60.3147,0.1648,0.2832,265,93.24111111,2.082307692,1
1/14/2019,8.5551,81678104,64.0013,0.1974,0.5188,127,95.05666667,2.122853598,0
1/11/2019,8.5936,80669288,64.8676,0.2154,0.199,263,95.48444444,2.132406948,0
1/10/2019,8.5936,112341456,64.8676,0.2222,-0.5395,237,95.48444444,2.132406948,0
1/9/2019,8.1706,116306328,59.693,0.2153,0.2043,304,90.78444444,2.027444169,1
1/8/2019,8.2283,146980416,60.8275,0.2308,0.4015,514,91.42555556,2.041761787,0
1/7/2019,8.4013,179684448,64.2278,0.2328,0.3194,254,93.34777778,2.084689826,0
1/4/2019,7.9111,120083768,58.0595,0.202,-0.4272,179,87.90111111,1.963052109,1
1/3/2019,7.7477,122949016,55.6948,0.1899,0.6831,260,86.08555556,1.922506203,1
1/2/2019,7.7381,129354096,55.5579,0.1762,-0.0559,76,85.97888889,1.920124069,1
12/31/2018,7.2767,108361488,48.4617,0.146,-0.5889,83,33.07590909,2.044016854,1
12/28/2018,7.219,121670848,47.4885,0.1387,0.3734,179,32.81363636,2.027808989,1
12/27/2018,6.9883,119778560,43.5276,0.1278,-0.2154,126,31.765,1.963005618,1
12/26/2018,7.1036,129838568,45.1073,0.1305,0.2776,63,32.28909091,1.995393258,0
12/24/2018,6.6519,70010440,36.7603,0.1197,-0.4299,147,30.23590909,1.868511236,1
12/21/2018,6.8729,185651344,39.4888,0.1466,-0.1588,265,31.24045455,1.930589888,0
12/20/2018,7.1517,182353568,43.2472,0.1631,0.3581,507,32.50772727,2.008904494,0
12/19/2018,7.3632,219474208,46.3551,0.1566,0.4386,377,33.46909091,2.068314607,0
12/18/2018,6.9979,146773504,39.3664,0.1211,-0.0644,267,31.80863636,1.965702247,1
12/17/2018,6.8729,129731136,36.7488,0.1017,0.0053,229,31.24045455,1.930589888,1
12/14/2018,6.8249,128800696,35.7583,0.0857,0.7541,1014,31.02227273,1.917106742,1
12/13/2018,6.921,207282032,36.8294,0.0689,0.5981,540,31.45909091,1.944101124,0
12/12/2018,6.45,105819952,26.8614,0.0379,-0.2846,325,29.31818182,1.811797753,1
12/11/2018,6.4981,124580600,27.2691,0.0447,0.1932,354,29.53681818,1.825308989,0
12/10/2018,6.6615,112841776,28.6416,0.0587,0.1256,254,30.27954545,1.871207865,0
12/7/2018,6.7384,114480096,29.2857,0.0714,-0.4145,286,30.62909091,1.892808989,0
12/6/2018,7.0652,112965744,32.1379,0.0899,0.2406,179,32.11454545,1.984606742,0
12/4/2018,6.9979,133329760,30.8504,0.0909,0.1845,284,31.80863636,1.965702247,1
12/3/2018,7.5074,130639888,35.5989,0.1045,0.0941,180,34.12454545,2.108820225,0
11/30/2018,7.2094,187082944,29.724,0.0785,-0.5054,419,32.77,2.02511236,1
11/29/2018,7.6323,123383248,33.7861,0.0742,0.4718,302,34.69227273,2.143904494,0
11/28/2018,7.4401,124307224,29.733,0.0318,0.5465,398,33.81863636,2.08991573,1
11/27/2018,7.1517,110407008,23.1836,-0.0051,-0.358,473,32.50772727,2.008904494,1
11/26/2018,7.2863,158647760,24.1594,-0.02,0.3251,237,33.11954545,2.046713483,0
11/23/2018,7.2767,43471128,23.9471,-0.0418,0.278,177,33.07590909,2.044016854,1
11/21/2018,7.5074,84442848,25.5405,-0.0582,0.1865,384,34.12454545,2.108820225,0
11/20/2018,7.3536,143309536,22.3417,-0.0892,0.3746,522,33.42545455,2.065617978,1
11/19/2018,7.5362,148077296,23.4527,-0.1018,-0.3944,282,34.25545455,2.116910112,0
11/16/2018,7.7092,176608928,24.5256,-0.1188,-0.1988,443,35.04181818,2.165505618,0
11/15/2018,7.8534,128474928,25.4256,-0.1406,0.4128,628,35.69727273,2.206011236,0
11/14/2018,7.9976,170169776,26.3226,-0.166,0.7633,987,36.35272727,2.246516854,0
11/13/2018,8.2764,205815968,28.1024,-0.1952,-0.3933,1292,37.62,2.324831461,0
11/12/2018,7.6804,245188896,16.955,-0.2426,-0.503,248,34.91090909,2.15741573,1
11/9/2018,8.2475,273542272,19.6467,-0.2266,-0.3247,379,37.48863636,2.316713483,0
11/8/2018,8.7474,161796784,22.5805,-0.23,0.1481,396,39.76090909,2.457134831,0
11/7/2018,8.8435,124020664,23.1991,-0.2582,0.3732,596,40.19772727,2.484129213,0
11/6/2018,9.055,112928200,24.5745,-0.2833,0.327,693,41.15909091,2.543539326,0
11/5/2018,8.9204,124389024,21.8363,-0.314,-0.4273,363,40.54727273,2.505730337,1
11/2/2018,8.93,263514640,21.889,-0.3169,-0.3659,343,40.59090909,2.508426966,0
11/1/2018,9.2088,236367360,23.4106,-0.291,-0.843,678,41.85818182,2.586741573,0
10/31/2018,9.7086,201878608,26.4749,-0.2498,-0.8186,1943,44.13,2.727134831,0
10/30/2018,9.7855,344976672,26.9794,-0.2114,-0.7391,1439,44.47954545,2.748735955,0
10/29/2018,10.7276,119848664,34.4458,-0.1383,-0.2949,290,48.76181818,3.013370787,0
10/26/2018,10.8621,117612664,35.7585,-0.105,0.3671,257,49.37318182,3.051151685,0
10/25/2018,11.3428,88241088,40.9317,-0.0561,0.2532,335,51.55818182,3.186179775,0
10/24/2018,11.6984,83360320,45.4498,-0.0222,-0.0958,251,53.17454545,3.286067416,0
10/23/2018,12.1983,81885024,53.0986,-0.0024,0.4513,312,55.44681818,3.426488764,0
10/22/2018,11.9003,50243480,48.2804,-0.0216,0.0757,394,54.09227273,3.342780899,1
10/19/2018,12.0733,86785512,51.1114,-0.0201,0.1668,251,54.87863636,3.391376404,0
10/18/2018,11.9003,81520232,48.2962,-0.0338,-0.0927,393,54.09227273,3.342780899,1
10/17/2018,11.7177,83433104,45.2033,-0.0355,0.5837,365,53.26227273,3.291488764,1
10/16/2018,11.6311,86485824,43.7225,-0.017,0.224,237,52.86863636,3.267162921,1
10/15/2018,11.6792,62640172,44.3407,0.0223,-0.2607,234,53.08727273,3.280674157,0
10/12/2018,11.8426,123208496,46.4122,0.0777,0.5655,316,53.83,3.326573034,0
10/11/2018,12.2271,116161904,51.6882,0.1425,-0.2378,505,55.57772727,3.434578652,0
10/10/2018,12.7654,91943040,60.6513,0.1947,0.3951,358,58.02454545,3.585786517,0
10/9/2018,13.025,110448096,65.7563,0.2072,0.6342,650,59.20454545,3.658707865,0
10/8/2018,13.0826,172649536,66.9185,0.1845,0.4342,362,59.46636364,3.67488764,0
10/5/2018,12.6693,151160448,62.5086,0.1287,0.2447,407,57.58772727,3.558792135,1
10/4/2018,12.1694,74912120,55.9085,0.0735,0.1446,395,55.31545455,3.418370787,1
10/3/2018,11.9964,82966088,53.2639,0.0331,-0.4823,1083,54.52909091,3.369775281,1
10/2/2018,11.8426,148705744,50.8297,-0.0133,0.3326,1977,53.83,3.326573034,1
10/1/2018,11.6215,308106752,47.1557,-0.0672,-0.5457,767,52.825,3.264466292,1
9/28/2018,10.8525,76574088,30.3462,-0.1218,0.5276,313,54.2625,2.997928177,1
9/27/2018,11.0832,82196208,33.2967,-0.1173,0.0837,340,55.416,3.061657459,0
9/26/2018,10.9487,93374592,29.5885,-0.1213,-0.303,416,54.7435,3.024502762,1
9/25/2018,10.8333,133694192,26.3287,-0.1016,-0.6374,458,54.1665,2.992624309,1
9/24/2018,11.2851,148589856,31.6593,-0.0482,0.0896,152,56.4255,3.117430939,0
9/21/2018,11.6984,95419064,38.2359,-0.0036,-0.518,487,58.492,3.23160221,0
9/20/2018,11.9772,88325584,43.9539,0.0269,-0.2671,295,59.886,3.308618785,0
9/19/2018,12.3617,62102052,54.3672,0.0461,0.3139,215,61.8085,3.414834254,0
9/18/2018,12.1694,42892800,48.7275,0.0351,0.3748,302,60.847,3.361712707,1
9/17/2018,12.2079,50671612,49.8721,0.0355,0.027,212,61.0395,3.372348066,0
9/14/2018,12.1887,69969816,49.3194,0.0309,0.1547,349,60.9435,3.367044199,1
9/13/2018,12.2175,54674832,50.0887,0.0246,0.1981,383,61.0875,3.375,0
9/12/2018,12.1214,40185624,47.5566,0.0114,-0.0378,368,60.607,3.348453039,1
9/11/2018,11.8522,40153940,39.5883,0.001,0.3742,321,59.261,3.274088398,1
9/10/2018,12.0253,43374720,43.5371,0.0137,0.0235,155,60.1265,3.321906077,0
9/7/2018,11.9195,45867180,40.1494,0.0172,-0.4368,242,59.5975,3.292679558,1
9/6/2018,12.0253,40619784,42.5182,0.034,-0.4153,344,60.1265,3.321906077,0
9/5/2018,12.0733,55071572,43.6041,0.0493,-0.4403,290,60.3665,3.335165746,0
9/4/2018,12.1791,44836980,46.0042,0.0669,-0.496,123,60.8955,3.364392265,0
8/31/2018,12.4386,50403144,52.6037,0.081,0.5288,213,62.193,3.436077348,0
8/30/2018,12.2752,44667544,48.2646,0.0728,0.3384,279,61.376,3.390939227,1
8/29/2018,12.4674,47788480,53.628,0.0731,0.1616,308,62.337,3.444033149,0
8/28/2018,12.2656,59069272,47.9932,0.0512,0.4563,263,61.328,3.388287293,1
8/27/2018,12.2752,44685652,48.2525,0.0358,-0.4606,128,61.376,3.390939227,0
8/24/2018,12.0156,38669956,40.1461,0.011,0.0167,245,60.078,3.319226519,1
8/23/2018,12.0541,38054588,41.0303,0.0007,0.2537,261,60.2705,3.329861878,0
8/22/2018,11.9868,43446212,38.8414,-0.016,-0.3186,238,59.934,3.311270718,1
8/21/2018,12.1406,57947556,42.1631,-0.0306,0.4518,258,60.703,3.353756906,0
8/20/2018,11.8234,37756536,30.8348,-0.0634,0.4511,130,59.117,3.266132597,1
8/17/2018,11.8234,46945496,30.8348,-0.0744,-0.481,255,59.117,3.266132597,0
8/16/2018,11.8234,51984320,30.8348,-0.0824,-0.377,432,59.117,3.266132597,0
8/15/2018,11.7465,64707096,28.1014,-0.0851,0.7099,385,58.7325,3.244889503,1
8/14/2018,11.8715,49601632,29.8834,-0.0717,0.4401,267,59.3575,3.27941989,0
8/13/2018,11.9676,67099412,31.3012,-0.0545,0.0351,158,59.838,3.305966851,0
8/10/2018,12.2752,48452260,36.4383,-0.0301,0.3312,223,61.376,3.390939227,0
8/9/2018,12.4386,32487228,39.6481,-0.018,0.3225,439,62.193,3.436077348,0
8/8/2018,12.5443,40399416,41.8639,-0.0117,-0.3476,428,62.7215,3.465276243,0
8/7/2018,12.6501,56603864,44.1554,-0.0097,-0.0783,238,63.2505,3.494502762,0
8/6/2018,12.5924,32489288,42.563,-0.0146,0.2696,143,62.962,3.478563536,1
8/3/2018,12.6308,35245076,43.3278,-0.0135,-0.1955,399,63.154,3.489171271,0
8/2/2018,12.6597,36575256,43.8769,-0.0129,-0.5587,408,63.2985,3.497154696,0
8/1/2018,12.727,44528340,45.1156,-0.012,0.6359,279,63.635,3.515745856,0
7/31/2018,13.1019,71693896,52.832,-0.0148,0.2852,513,65.5095,3.619309392,0
7/30/2018,12.6501,39565012,41.6672,-0.0546,-0.0798,145,63.2505,3.494502762,1
7/27/2018,12.5539,39333652,38.8055,-0.066,0.1114,328,62.7695,3.467928177,1
7/26/2018,12.6405,54512040,40.4645,-0.0676,-0.3291,367,63.2025,3.491850829,0
7/25/2018,12.602,53385936,39.3952,-0.072,0.152,308,63.01,3.48121547,1
7/24/2018,12.6116,56666556,39.5601,-0.0684,0.3962,396,63.058,3.483867403,0
7/23/2018,12.4867,90332760,36.3428,-0.0572,-0.6084,324,62.4335,3.449364641,1
7/20/2018,12.6116,171336048,38.2326,-0.0216,0.745,1232,63.058,3.483867403,0
7/19/2018,13.198,74962776,49.4328,0.0245,0.43,420,65.99,3.645856354,0
7/18/2018,13.2172,41035048,49.8776,0.0364,0.3743,480,66.086,3.651160221,0
7/17/2018,13.1595,59111584,48.5888,0.0505,0.3474,401,65.7975,3.635220994,1
7/16/2018,13.3614,42860188,53.0196,0.075,0.2869,381,66.807,3.690994475,0
7/13/2018,13.3518,48547196,52.8294,0.0876,0.2072,382,66.759,3.688342541,1
7/12/2018,13.4479,39824480,54.893,0.1022,0.4592,320,67.2395,3.714889503,0
7/11/2018,13.4479,47266124,54.893,0.1082,0.2266,378,67.2395,3.714889503,0
7/10/2018,13.6209,60315084,58.4356,0.1101,0.1429,267,68.1045,3.762679558,0
7/9/2018,13.4095,67061140,55.1506,0.0882,0.1675,163,67.0475,3.704281768,1
7/6/2018,13.3133,60022368,53.6029,0.0696,0.0432,382,66.5665,3.677707182,1
7/5/2018,12.9096,53542248,46.3873,0.0464,0.0551,262,64.548,3.566187845,1
7/3/2018,12.8519,32212404,45.258,0.0495,0.197,298,64.2595,3.550248619,1
7/2/2018,12.8519,62773900,45.258,0.0591,0.7396,247,64.2595,3.550248619,0
6/29/2018,13.0826,71964496,48.8036,0.0726,0.1878,431,72.68111111,2.063501577,0
6/28/2018,13.2941,64430988,52.2906,0.068,0.2862,687,73.85611111,2.096861199,0
6/27/2018,13.4191,135400640,54.4243,0.037,0.5244,1868,74.55055556,2.116577287,0
6/26/2018,13.2076,213833232,51.3017,-0.0243,0.3347,2108,73.37555556,2.083217666,1
6/25/2018,12.256,76819800,31.7673,-0.0947,0.2648,443,68.08888889,1.933123028,1
6/22/2018,12.5443,74119112,35.8092,-0.0981,0.3189,392,69.69055556,1.978596215,0
6/21/2018,12.2656,70692168,27.5329,-0.1212,0.1691,1128,68.14222222,1.934637224,1
6/20/2018,12.3809,96425600,28.968,-0.1164,0.4417,1189,68.78277778,1.952823344,0
6/19/2018,12.4482,77874464,29.8096,-0.1078,0.279,372,69.15666667,1.963438486,0
6/18/2018,12.6885,68340240,32.988,-0.0896,-0.2267,247,70.49166667,2.001340694,0
6/15/2018,12.7846,96180112,34.3483,-0.0757,0.3285,502,71.02555556,2.016498423,0
6/14/2018,13.1115,60671120,39.4894,-0.0552,0.213,414,72.84166667,2.068059937,0
6/13/2018,13.3518,35499836,43.9843,-0.0498,0.1167,254,74.17666667,2.105962145,0
6/12/2018,13.4383,41519136,45.7241,-0.0603,0.267,215,74.65722222,2.119605678,0
6/11/2018,13.4383,43601680,45.7241,-0.08,0.2546,161,74.65722222,2.119605678,0
6/8/2018,13.3902,50244868,44.6758,-0.1038,0.1729,344,74.39,2.112018927,1
6/7/2018,13.246,70982416,41.5299,-0.1279,0.2855,423,73.58888889,2.089274448,1
6/6/2018,13.1115,62145272,38.4991,-0.1407,0.2209,306,72.84166667,2.068059937,1
6/5/2018,13.2653,70448424,40.7402,-0.1361,-0.3395,368,73.69611111,2.092318612,0
6/4/2018,13.1788,82416320,38.8819,-0.134,0.4101,197,73.21555556,2.078675079,1
6/1/2018,13.5536,56888824,44.4965,-0.1119,0.4426,422,75.29777778,2.137791798,0
5/31/2018,13.5344,55456440,44.1122,-0.1073,-0.0642,342,75.19111111,2.134763407,1
5/30/2018,13.6209,52208404,45.4265,-0.0914,0.3255,392,75.67166667,2.14840694,0
5/29/2018,13.6305,76044432,45.5665,-0.0698,-0.4615,137,75.725,2.149921136,0
5/25/2018,14.0631,49698720,52.3058,-0.0334,-0.4706,413,78.12833333,2.218154574,0
5/24/2018,14.0343,105414024,51.8651,-0.02,-0.3743,879,77.96833333,2.213611987,1
5/23/2018,13.6305,147338560,45.2936,0.0028,0.1815,508,75.725,2.149921136,1
5/22/2018,14.6975,65739060,68.1147,0.0765,0.6433,1135,81.65277778,2.318217666,0
5/21/2018,14.6687,77916848,67.7063,0.0756,0.5049,594,81.49277778,2.313675079,1
5/18/2018,14.3899,34363828,63.5118,0.0676,0.3323,332,79.94388889,2.269700315,1
5/17/2018,14.4476,50728580,65.1372,0.0747,-0.074,368,80.26444444,2.278801262,0
5/16/2018,14.4476,54623448,65.1372,0.0713,0.2949,602,80.26444444,2.278801262,0
5/15/2018,14.14,35258720,60.4869,0.0576,0.2716,398,78.55555556,2.230283912,1
5/14/2018,14.14,41033048,60.4869,0.0601,0.5536,168,78.55555556,2.230283912,0
5/11/2018,14.0343,28611050,58.8604,0.0572,0.2548,397,77.96833333,2.213611987,1
5/10/2018,14.1208,37480948,60.7606,0.0569,-0.0837,453,78.44888889,2.227255521,0
5/9/2018,14.0535,50867876,59.8239,0.0414,0.1075,418,78.075,2.216640379,1
5/8/2018,13.7171,59336104,54.8159,0.0187,-0.356,368,76.20611111,2.163580442,1
5/7/2018,13.5248,32868456,51.6157,0.0141,0.4065,100,75.13777778,2.133249211,1
5/4/2018,13.5536,41908960,52.1299,0.0241,0.1334,389,75.29777778,2.137791798,0
5/3/2018,13.3902,60696992,49.4814,0.0341,-0.1453,294,74.39,2.112018927,1
5/2/2018,13.6305,51678008,53.5253,0.063,0.4364,360,75.725,2.149921136,0
5/1/2018,13.5056,51372460,51.616,0.0785,0.4574,250,75.03111111,2.13022082,1
4/30/2018,13.5248,48534792,51.9207,0.1089,0.3724,107,75.13777778,2.133249211,0
4/27/2018,13.8228,48827620,56.7421,0.1462,0.1204,457,76.79333333,2.180252366,0
4/26/2018,13.8228,64858160,56.7421,0.1631,-0.3371,616,76.79333333,2.180252366,0
4/25/2018,13.5056,111261792,52.7115,0.1772,0.3461,455,75.03111111,2.13022082,1
4/24/2018,14.1112,74261712,63.1409,0.2183,0.5467,533,78.39555556,2.225741325,0
4/23/2018,13.9574,73316832,61.3369,0.206,0.3767,387,77.54111111,2.20148265,1
4/20/2018,13.9766,188686048,61.6873,0.1874,0.6658,1476,77.64777778,2.204511041,0
4/19/2018,13.4479,87782256,55.1428,0.1436,-0.0712,552,74.71055556,2.121119874,1
4/18/2018,13.1307,42983544,50.4247,0.1197,0.1097,580,72.94833333,2.071088328,1
4/17/2018,13.2557,72129064,52.4424,0.1084,0.4937,518,73.64277778,2.090804416,0
4/16/2018,12.8135,58279028,45.2431,0.0738,0.7018,286,71.18611111,2.021056782,1
4/13/2018,12.9673,71168496,47.5689,0.0628,0.1301,468,72.04055556,2.045315457,0
4/12/2018,12.6693,63631232,42.2256,0.03,0.2614,403,70.385,1.998312303,1
4/11/2018,12.4674,50220024,38.2683,0.0117,-0.4859,385,69.26333333,1.966466877,1
4/10/2018,12.5443,57656792,39.2185,0.008,-0.1242,327,69.69055556,1.978596215,0
4/9/2018,12.3329,68332640,35.1035,-0.0002,0.5593,166,68.51611111,1.945252366,1
4/6/2018,12.5539,63465872,37.5729,0.0144,0.1486,428,69.74388889,1.98011041,0
4/5/2018,12.9096,53526224,41.9849,0.0201,0.613,353,71.72,2.036214511,0
4/4/2018,12.7654,57172424,39.3018,-0.0024,0.7821,343,70.91888889,2.013470032,1
4/3/2018,12.6212,59785136,36.5781,-0.0173,0.6145,632,70.11777778,1.990725552,1
4/2/2018,12.6116,72086960,36.4015,-0.0185,0.6702,120,70.06444444,1.989211356,1
3/29/2018,12.9577,74514304,40.139,-0.0118,0.2268,517,107.9808333,2.012065217,0
3/28/2018,13.1499,139104720,42.3841,-0.0291,0.1751,788,109.5825,2.041909938,0
3/27/2018,12.9192,154968608,38.5546,-0.0678,-0.746,501,107.66,2.006086957,1
3/26/2018,12.3905,105435656,28.4324,-0.0944,0.373,145,103.2541667,1.923990683,1
3/23/2018,12.5636,84042288,29.9308,-0.0694,-0.2959,329,104.6966667,1.950869565,0
3/22/2018,12.8327,71227576,32.3969,-0.0359,0.2696,339,106.9391667,1.99265528,0
3/21/2018,13.3422,65142592,37.8833,-0.0017,0.2912,369,111.185,2.071770186,0
3/20/2018,13.1115,88921488,33.1209,0.0061,0.4101,218,109.2625,2.035947205,1
3/19/2018,13.5248,66184200,37.9632,0.0466,0.0326,96,112.7066667,2.100124224,0
3/16/2018,13.7555,114488968,41.0756,0.0703,0.1764,327,114.6291667,2.135947205,0
3/15/2018,13.8036,47424900,41.7375,0.0839,-0.2238,314,115.03,2.143416149,0
3/14/2018,13.7171,57066864,40.1247,0.0992,-0.4391,584,114.3091667,2.129984472,1
3/13/2018,13.8709,118718432,42.0461,0.1298,-0.5308,639,115.5908333,2.15386646,0
3/12/2018,14.5149,70226640,51.666,0.1583,0.028,209,120.9575,2.25386646,0
3/9/2018,14.3611,64156176,49.0827,0.1315,0.3641,244,119.6758333,2.229984472,1
3/8/2018,13.9574,49595176,41.4559,0.1006,0.3252,393,116.3116667,2.167298137,1
3/7/2018,13.9478,82999192,41.2613,0.0917,0.4144,370,116.2316667,2.165807453,1
3/6/2018,14.0727,58106872,42.9855,0.0788,0.5182,372,117.2725,2.185201863,0
3/5/2018,13.8612,87449520,38.9786,0.0473,-0.2462,157,115.51,2.152360248,1
3/2/2018,13.5729,74629576,33.0181,0.0232,0.2004,359,113.1075,2.107593168,1
3/1/2018,13.4767,91875664,30.9298,0.021,-0.1526,463,112.3058333,2.09265528,1
2/28/2018,13.5633,88614072,31.7572,0.0343,0.3282,425,113.0275,2.106102484,0
2/27/2018,13.9381,93024032,35.5881,0.053,-0.5087,753,116.1508333,2.164301242,0
2/26/2018,14.0823,145220592,37.1903,0.0492,-0.4304,489,117.3525,2.186692547,0
2/23/2018,13.9285,52912588,34.2587,0.0336,0.3455,351,116.0708333,2.162810559,1
2/22/2018,14.0535,78497232,35.5092,0.0311,0.2617,587,117.1125,2.182220497,0
2/21/2018,13.9285,98111488,33.2467,0.0214,-0.261,310,116.0708333,2.162810559,1
2/20/2018,14.1688,61665672,35.4687,0.0265,0.4721,133,118.0733333,2.200124224,0
2/16/2018,14.4668,64724752,38.4256,0.0178,-0.245,325,120.5566667,2.246397516,0
2/15/2018,14.2746,54885024,35.1887,-0.0181,-0.1284,644,118.955,2.216552795,1
2/14/2018,14.3226,85912048,35.6234,-0.0444,0.3674,363,119.355,2.224006211,0
2/13/2018,14.1016,73700288,32.037,-0.0775,0.3193,468,117.5133333,2.189689441,1
2/12/2018,14.2457,75582416,33.1556,-0.0917,0.4825,187,118.7141667,2.212065217,0
2/9/2018,14.3611,129055808,34.0385,-0.1119,-0.1321,304,119.6758333,2.229984472,0
2/8/2018,13.8901,138636128,26.6308,-0.1375,0.1423,380,115.7508333,2.156847826,1
2/7/2018,14.6591,76007224,32.0951,-0.1101,0.3236,285,122.1591667,2.276257764,0
2/6/2018,14.6783,126819896,32.2487,-0.1274,0.4932,406,122.3191667,2.27923913,0
2/5/2018,14.3323,123241608,26.3576,-0.1384,0.3554,130,119.4358333,2.225512422,1
2/2/2018,15.034,82294808,31.5179,-0.1019,0.2448,219,125.2833333,2.33447205,0
2/1/2018,15.3992,52823960,34.8123,-0.0997,0.3726,462,128.3266667,2.391180124,0
1/31/2018,15.5434,76769232,36.1992,-0.1185,-0.27,379,129.5283333,2.413571429,0
1/30/2018,15.332,68254192,32.539,-0.1473,0.38,426,127.7666667,2.380745342,1
1/29/2018,15.6492,74134520,35.3649,-0.1538,0.1588,190,130.41,2.43,0
1/26/2018,15.505,90888608,32.9055,-0.1784,-0.2734,378,129.2083333,2.407608696,1
1/25/2018,15.553,95057064,33.2976,-0.1834,-0.498,1533,129.6083333,2.415062112,0
1/24/2018,15.803,167086720,35.3309,-0.1771,0.3153,1170,131.6916667,2.453881988,0
1/23/2018,16.2355,123236504,39.1754,-0.1745,-0.284,597,135.2958333,2.521040373,0
1/22/2018,15.5434,134212320,27.4457,-0.1971,-0.4246,247,129.5283333,2.413571429,1
1/19/2018,15.6299,214947168,28.0741,-0.1443,-0.3975,436,130.2491667,2.427003106,0
1/18/2018,16.1202,172263376,31.9197,-0.0555,0.2863,709,134.335,2.503136646,0
1/17/2018,16.6777,187537216,37.3179,0.0417,0.3622,1361,138.9808333,2.589704969,0
1/16/2018,17.5044,205656976,48.6449,0.137,-0.3301,719,145.87,2.718074534,0
1/12/2018,18.0331,87076712,59.3411,0.194,0.3912,356,150.2758333,2.800170807,0
1/11/2018,18.283,99725608,65.6806,0.2162,-0.5041,265,152.3583333,2.838975155,0
1/10/2018,18.1955,82322216,64.4462,0.2099,0.2941,224,151.6291667,2.825388199,1
1/9/2018,17.8408,66400240,58.8766,0.1938,0.2669,329,148.6733333,2.770310559,1
1/8/2018,17.5717,82097592,53.7744,0.1915,0.4727,209,146.4308333,2.728524845,1
1/5/2018,17.8216,79879648,60.2164,0.2035,0.4281,260,148.5133333,2.767329193,0
1/4/2018,17.812,82554504,60.0454,0.1848,0.0577,367,148.4333333,2.765838509,1
1/3/2018,17.4467,81472288,52.905,0.1462,0.2933,229,145.3891667,2.709114907,1
1/2/2018,17.2833,77570344,49.1283,0.1158,-0.6243,126,144.0275,2.683742236,1
12/29/2017,16.7738,76149512,33.7474,0.081,0.4872,380,59.90642857,2.600589147,1
12/28/2017,16.6873,60934880,30.4307,0.0778,0.6085,367,59.5975,2.587178295,1
12/27/2017,16.7065,60126680,30.7483,0.0824,0.7061,386,59.66607143,2.590155039,0
12/26/2017,16.7546,55337928,31.5119,0.0888,-0.2403,58,59.83785714,2.597612403,0
12/22/2017,16.8219,46370352,32.5631,0.0947,0.7865,196,60.07821429,2.608046512,0
12/21/2017,16.7931,67877696,31.6558,0.0977,0.4917,277,59.97535714,2.603581395,1
12/20/2017,16.7738,75364976,31.0818,0.106,-0.2223,382,59.90642857,2.600589147,1
12/19/2017,16.9084,65496112,32.8766,0.1215,0.3087,249,60.38714286,2.621457364,0
12/18/2017,17.0718,53913436,35.1663,0.1318,0.2005,142,60.97071429,2.646790698,0
12/15/2017,17.1295,88381864,35.9877,0.1305,-0.0901,359,61.17678571,2.655736434,0
12/14/2017,16.9565,48545828,31.5326,0.1221,-0.4776,280,60.55892857,2.628914729,1
12/13/2017,17.0718,42104460,32.9523,0.1269,0.5252,277,60.97071429,2.646790698,0
12/12/2017,17.216,66832392,34.7694,0.1236,0.0916,316,61.48571429,2.669147287,0
12/11/2017,16.9661,58171204,28.4162,0.105,0.7726,196,60.59321429,2.630403101,1
12/8/2017,17.0238,54443464,29.0219,0.1043,-0.4824,934,60.79928571,2.639348837,0
12/7/2017,17.0238,55584728,29.0219,0.1012,-0.6304,832,60.79928571,2.639348837,0
12/6/2017,16.9757,43913624,27.918,0.1007,-0.2368,482,60.6275,2.631891473,1
12/5/2017,17.0718,65814888,28.7484,0.1099,-0.3022,483,60.97071429,2.646790698,0
12/4/2017,17.2545,68347912,30.3406,0.1192,0.2784,95,61.62321429,2.675116279,0
12/1/2017,17.1872,82027616,28.9952,0.1196,-0.3084,275,61.38285714,2.664682171,1
11/30/2017,17.5813,68055440,32.3985,0.1317,0.5496,374,62.79035714,2.725782946,0
11/29/2017,17.7639,55159484,34.1218,0.1149,-0.6249,437,63.4425,2.754093023,0
11/28/2017,17.6966,56115384,32.9008,0.0753,-0.3535,311,63.20214286,2.743658915,1
11/27/2017,17.4179,78852432,27.7491,0.0286,0.9391,130,62.20678571,2.700449612,1
11/24/2017,17.4852,24897700,28.235,-0.0039,0.2023,65,62.44714286,2.710883721,0
11/22/2017,17.4467,54846812,27.562,-0.0458,-0.2933,354,62.30964286,2.704914729,1
11/21/2017,17.1391,77918912,22.1376,-0.0888,0.3282,402,61.21107143,2.657224806,1
11/20/2017,17.2833,63934052,22.8834,-0.1024,-0.2326,199,61.72607143,2.679581395,0
11/17/2017,17.5044,60457160,24.0365,-0.1146,-0.5204,520,62.51571429,2.713860465,0
11/16/2017,17.5428,89376592,24.2337,-0.1316,0.3009,501,62.65285714,2.719813953,0
11/15/2017,17.5525,144368000,24.2799,-0.1366,-0.3548,1207,62.6875,2.721317829,0
11/14/2017,17.2064,312556800,19.1209,-0.1196,-0.6097,2157,61.45142857,2.667658915,1
11/13/2017,18.283,261557408,23.8068,-0.0333,-0.8148,878,65.29642857,2.834573643,0
11/10/2017,19.696,100732936,33.9452,0.0112,0.5447,368,70.34285714,3.053643411,0
11/9/2017,19.2154,50850504,23.6797,-0.0492,0.1696,498,68.62642857,2.979131783,1
11/8/2017,19.3404,39682540,24.6028,-0.0791,0.2446,354,69.07285714,2.998511628,0
11/7/2017,19.4269,41661224,25.2352,-0.1195,0.3416,387,69.38178571,3.011922481,0
11/6/2017,19.35,60679528,23.6146,-0.1699,0.9056,121,69.10714286,3,1
11/3/2017,19.3596,67860952,23.6742,-0.2155,-0.6906,353,69.14142857,3.001488372,0
11/2/2017,19.1674,81531696,19.9231,-0.2594,-0.4357,398,68.455,2.971689922,1
11/1/2017,19.2443,91714424,20.2935,-0.2769,-0.2944,344,68.72964286,2.983612403,0
10/31/2017,19.3788,98007064,20.9258,-0.2792,0.3795,527,69.21,3.004465116,0
10/30/2017,19.6191,98385544,22.0657,-0.2641,0.1659,200,70.06821429,3.04172093,0
10/27/2017,19.9844,98534640,23.9036,-0.2342,0.0835,633,71.37285714,3.098356589,0
10/26/2017,20.4939,86283720,26.794,-0.1967,0.3758,461,73.1925,3.177348837,0
10/25/2017,20.6669,110518208,27.8563,-0.166,-0.5393,628,73.81035714,3.204170543,0
10/24/2017,21.0418,133615912,30.2707,-0.115,-0.688,1051,75.14928571,3.262294574,0
10/23/2017,21.4551,187340912,33.2185,-0.057,-0.4813,454,76.62535714,3.326372093,0
10/20/2017,22.9066,192404368,48.6746,0.0027,-0.3178,1288,81.80928571,3.551410853,0
10/19/2017,22.6663,75574056,44.7204,-0.0455,0.2323,328,80.95107143,3.514155039,1
10/18/2017,22.2241,34970680,36.3407,-0.0897,0.2693,385,79.37178571,3.445596899,1
10/17/2017,22.2914,58639088,37.1362,-0.1034,0.1927,339,79.61214286,3.456031008,0
10/16/2017,22.4548,49757812,39.0644,-0.1195,0.1824,223,80.19571429,3.481364341,0
10/13/2017,22.0896,40391800,31.7038,-0.1482,0.2276,402,78.89142857,3.424744186,1
10/12/2017,22.1568,59948728,32.3727,-0.1412,-0.6043,408,79.13142857,3.435162791,0
10/11/2017,22.1761,81172912,32.5549,-0.1224,-0.1651,655,79.20035714,3.438155039,0
10/10/2017,22.4548,80571104,35.2246,-0.0821,0.431,838,80.19571429,3.481364341,0
10/9/2017,22.5221,140302768,35.8842,-0.0376,0.3521,349,80.43607143,3.49179845,0
10/6/2017,23.4449,40729836,47.12,0.031,0.4688,228,83.73178571,3.634868217,0
10/5/2017,23.5891,34758948,49.3625,0.0453,0.3043,218,84.24678571,3.657224806,0
10/4/2017,23.5314,32149416,48.4513,0.0508,0.0985,316,84.04071429,3.64827907,1
10/3/2017,23.839,33907540,53.1916,0.0629,0.1803,572,85.13928571,3.695968992,0
10/2/2017,23.6179,42501168,49.9216,0.0472,0.0943,147,84.34964286,3.661689922,1
9/29/2017,23.2431,33673712,43.7324,0.0427,0.2506,270,46.4862,2.647277904,1
9/28/2017,23.3007,36154412,44.5184,0.0721,0.2248,293,46.6014,2.653838269,0
9/27/2017,23.4257,56488972,46.1886,0.1095,0.4829,484,46.8514,2.668075171,0
9/26/2017,23.964,40753220,54.3438,0.1498,0.6198,616,47.928,2.729384966,0
9/25/2017,24.137,42487988,57.367,0.1496,0.5065,631,48.274,2.749088838,0
9/22/2017,23.9063,39717544,54.2134,0.1227,0.0992,322,47.8126,2.722813212,1
9/21/2017,23.791,52115544,52.585,0.0969,-0.2707,330,47.582,2.709681093,1
9/20/2017,23.3776,39770268,46.2209,0.0639,0.5794,237,46.7552,2.662596811,1
9/19/2017,23.2623,45340484,44.283,0.0528,0.2369,257,46.5246,2.649464692,1
9/18/2017,23.5122,52504484,47.7444,0.0475,0.2973,146,47.0244,2.677927107,0
9/15/2017,23.0027,66559976,38.6703,0.0147,0.3849,221,46.0054,2.619897494,1
9/14/2017,23.32,42084528,42.986,0.0185,0.6592,188,46.64,2.656036446,0
9/13/2017,23.1758,38629676,40.1677,-0.0038,0.1404,299,46.3516,2.639612756,1
9/12/2017,22.9835,49662624,36.267,-0.0189,0.5153,217,45.967,2.617710706,1
9/11/2017,22.8009,43306556,32.3781,-0.0163,-0.4846,126,45.6018,2.59691344,1
9/8/2017,22.897,44604456,33.3733,0.0133,0.3895,551,45.794,2.60785877,0
9/7/2017,23.0893,80108576,35.3937,0.0549,0.4246,228,46.1786,2.62976082,0
9/6/2017,23.9544,55024972,47.3795,0.1025,-0.349,318,47.9088,2.728291572,0
9/5/2017,23.8006,46852664,44.2637,0.0875,0.1594,108,47.6012,2.710774487,1
9/1/2017,24.1659,58848108,50.912,0.0779,0.226,289,48.3318,2.75238041,0
8/31/2017,23.5987,55284336,37.3442,0.0252,0.1856,435,47.1974,2.687779043,1
8/30/2017,23.3392,33875996,29.0057,0.0033,0.0591,463,46.6784,2.658223235,1
8/29/2017,23.493,23910062,31.2977,0.0012,0.1241,573,46.986,2.675740319,0
8/28/2017,23.5218,23937590,31.7343,-0.0111,-0.0082,761,47.0436,2.679020501,0
8/25/2017,23.541,22867796,32.0107,-0.0262,0.2407,250,47.082,2.681207289,0
8/24/2017,23.3584,25547868,26.3515,-0.0433,-0.1129,361,46.7168,2.660410023,1
8/23/2017,23.4449,34533588,27.353,-0.0417,0.3029,315,46.8898,2.670261959,0
8/22/2017,23.6468,29969104,29.8073,-0.0382,0.2159,303,47.2936,2.693257403,0
8/21/2017,23.541,46055016,26.6041,-0.0436,-0.141,156,47.082,2.681207289,1
8/18/2017,23.5987,34273076,27.2335,-0.0318,0.3649,321,47.1974,2.687779043,0
8/17/2017,23.791,31221726,29.3856,-0.0101,0.1609,367,47.582,2.709681093,0
8/16/2017,24.1274,27473822,33.7149,0.0116,-0.1769,547,48.2548,2.747995444,0
8/15/2017,24.1659,27334936,34.2504,0.0168,-0.0803,514,48.3318,2.75238041,0
8/14/2017,24.3773,24292076,37.274,0.0257,0.4355,91,48.7546,2.776457859,0
8/11/2017,24.2235,19217278,33.2974,0.022,0.3041,188,48.447,2.758940774,1
8/10/2017,24.3197,29678944,34.5693,0.0361,0.3104,277,48.6394,2.769897494,0
8/9/2017,24.7138,29670988,40.452,0.0517,0.5191,198,49.4276,2.814783599,0
8/8/2017,24.5696,27143600,36.7983,0.0385,0.4871,214,49.1392,2.798359909,1
8/7/2017,24.6369,18870368,37.8034,0.0352,0.1523,114,49.2738,2.806025057,0
8/4/2017,24.7811,23312960,39.9761,0.0267,0.1201,193,49.5622,2.822448747,0
8/3/2017,24.7618,30916656,39.5459,0.003,0.1572,336,49.5236,2.820250569,1
8/2/2017,24.5311,27387012,34.2991,-0.0263,0.7309,298,49.0622,2.793974943,1
8/1/2017,24.4542,41911312,32.4854,-0.0407,0.037,311,48.9084,2.785216401,1
7/31/2017,24.6176,30616288,34.3568,-0.0457,-0.281,114,49.2352,2.803826879,0
7/28/2017,24.5407,28286776,32.6617,-0.06,-0.1719,369,49.0814,2.795068337,1
7/27/2017,24.7907,39888012,35.4222,-0.0635,0.2977,287,49.5814,2.823542141,0
7/26/2017,24.5984,40733416,31.2731,-0.0831,0.5196,306,49.1968,2.801640091,1
7/25/2017,24.4542,46181544,28.0538,-0.082,0.3194,312,48.9084,2.785216401,1
7/24/2017,24.4446,56872280,27.8445,-0.0529,0.2884,254,48.8892,2.784123007,1
7/21/2017,24.906,90649888,31.9913,0.0041,0.5705,1023,49.812,2.83667426,0
7/20/2017,25.6558,55158140,41.264,0.0529,0.5317,333,51.3116,2.922072893,0
7/19/2017,25.8961,24792360,45.1598,0.0552,0.3283,315,51.7922,2.949441913,0
7/18/2017,25.8481,26146078,44.1811,0.0351,0.0967,349,51.6962,2.943974943,1
7/17/2017,25.7808,27695628,42.8553,0.0105,0.3957,139,51.5616,2.936309795,1
7/14/2017,25.7423,21058280,42.126,-0.0171,0.6455,151,51.4846,2.931924829,1
7/13/2017,25.7519,27767620,42.2512,-0.05,0.5023,195,51.5038,2.933018223,0
7/12/2017,25.5501,50986284,38.6988,-0.0937,0.5376,226,51.1002,2.910034169,1
7/11/2017,25.3578,41251604,35.1722,-0.1296,0.3383,300,50.7156,2.888132118,1
7/10/2017,25.031,46755232,28.6968,-0.1513,0.0698,120,50.062,2.850911162,1
7/7/2017,25.1367,40543120,29.5846,-0.1353,-0.1867,802,50.2734,2.862949886,0
7/6/2017,25.2905,76645912,30.8746,-0.1051,0.1587,691,50.581,2.88046697,0
7/5/2017,26.2902,21270222,41.9032,-0.0603,0.2987,214,52.5804,2.994328018,0
7/3/2017,26.3864,20664992,43.2836,-0.0823,0.5537,151,52.7728,3.005284738,0
6/30/2017,25.9634,26254238,34.4623,-0.1173,0.2541,404,103.8536,3.033107477,1
6/29/2017,25.973,36732080,34.5758,-0.1175,0.3541,463,103.892,3.034228972,0
6/28/2017,26.0307,31015780,35.222,-0.1067,0.4725,250,104.1228,3.040969626,0
6/27/2017,26.1557,41329428,36.5983,-0.0846,0.8391,242,104.6228,3.05557243,0
6/26/2017,26.5402,28501564,41.1974,-0.0535,0.5576,132,106.1608,3.100490654,0
6/23/2017,26.5017,31736488,40.5032,-0.0374,0.1663,452,106.0068,3.095992991,1
6/22/2017,26.4825,36384636,40.1752,-0.0037,0.263,369,105.93,3.09375,1
6/21/2017,26.7036,33758068,42.6878,0.0532,0.7037,439,106.8144,3.119579439,0
6/20/2017,27.04,47542912,46.826,0.1177,0.691,394,108.16,3.158878505,0
6/19/2017,27.684,30504720,56.5746,0.1777,0.2673,472,110.736,3.23411215,0
6/16/2017,27.8763,81565624,60.0393,0.1943,0.1194,322,111.5052,3.256577103,0
6/15/2017,27.8186,47868092,59.3457,0.1871,0.1425,360,111.2744,3.249836449,1
6/14/2017,27.5783,41120304,56.4192,0.1687,0.1382,558,110.3132,3.221764019,1
6/13/2017,27.3476,58823660,53.4309,0.1531,0.1634,2057,109.3904,3.194813084,1
6/12/2017,27.8186,139089520,61.4146,0.1429,0.2842,741,111.2744,3.249836449,0
6/9/2017,26.8574,25362832,46.1729,0.0715,-0.0356,237,107.4296,3.137546729,1
6/8/2017,26.5209,40919812,38.2448,0.0545,0.3711,223,106.0836,3.098235981,1
6/7/2017,26.6074,43539100,39.6388,0.0626,0.3755,188,106.4296,3.108341121,0
6/6/2017,26.8478,33721156,43.7524,0.0671,0.1507,186,107.3912,3.136425234,0
6/5/2017,26.8958,43509472,44.6122,0.05,0.3494,101,107.5832,3.14203271,0
6/2/2017,26.7997,37007624,42.5142,0.0197,0.1125,994,107.1988,3.130806075,1
6/1/2017,26.6459,32387712,39.0862,-0.0141,0.3006,651,106.5836,3.112838785,1
5/31/2017,26.3191,35610472,30.9629,-0.045,0.4083,366,105.2764,3.074661215,1
5/30/2017,26.2998,36435744,30.4563,-0.0509,0.1886,114,105.1992,3.072406542,1
5/26/2017,26.3864,30624044,31.4197,-0.0479,0.3271,356,105.5456,3.082523364,0
5/25/2017,26.4248,39254436,31.8352,-0.042,0.1433,562,105.6992,3.087009346,0
5/24/2017,26.7516,53867080,35.5462,-0.0273,0.6786,293,107.0064,3.125186916,0
5/23/2017,27.1842,23877122,41.49,-0.0292,0.28,303,108.7368,3.175724299,0
5/22/2017,27.0881,27810668,39.399,-0.0683,0.4581,233,108.3524,3.164497664,1
5/19/2017,26.9631,48488672,36.6667,-0.1098,0.222,372,107.8524,3.14989486,1
5/18/2017,26.4152,48447556,22.4274,-0.1489,0.1418,373,105.6608,3.08588785,1
5/17/2017,26.3479,52461832,20.3862,-0.1382,0.3655,313,105.3916,3.078025701,1
5/16/2017,26.9535,29509160,26.1329,-0.0986,0.4562,278,107.814,3.148773364,0
5/15/2017,27.0881,39767488,27.747,-0.0851,0.14,157,108.3524,3.164497664,0
5/12/2017,27.1746,68433184,28.8091,-0.0667,-0.2151,398,108.6984,3.174602804,0
5/11/2017,27.7513,28015380,37.7559,-0.0376,0.2732,535,111.0052,3.241974299,0
5/10/2017,27.5879,26047230,32.2177,-0.044,0.3409,305,110.3516,3.222885514,1
5/9/2017,27.809,23838712,36.2723,-0.0311,0.1487,266,111.236,3.248714953,0
5/8/2017,27.9436,21630294,39.0499,-0.028,0.8803,118,111.7744,3.264439252,0
5/5/2017,28.0878,16927056,42.2704,-0.032,0.1003,253,112.3512,3.281285047,0
5/4/2017,28.0685,19614214,41.6749,-0.0481,0.0877,204,112.274,3.279030374,1
5/3/2017,28.0974,26893250,42.2825,-0.0656,0.1608,184,112.3896,3.282406542,0
5/2/2017,27.8667,33760036,35.2728,-0.0889,0.0834,298,111.4668,3.255455607,1
5/1/2017,27.8186,24015752,33.7154,-0.0935,-0.9354,98,111.2744,3.249836449,1
4/28/2017,27.8667,24079192,34.4859,-0.0866,0.0892,312,111.4668,3.255455607,0
4/27/2017,27.9532,32939844,35.8554,-0.0721,0.1061,292,111.8128,3.265560748,0
4/26/2017,28.1262,37368372,38.7103,-0.051,0.7224,340,112.5048,3.285771028,0
4/25/2017,28.3089,39854056,41.9871,-0.0302,0.3146,439,113.2356,3.307114486,0
4/24/2017,28.405,48585160,43.799,-0.0127,0.6597,330,113.62,3.318341121,0
4/21/2017,28.405,72351352,43.799,0.0068,0.2649,1250,113.62,3.318341121,0
4/20/2017,29.0971,37081560,59.8277,0.0374,0.3992,295,116.3884,3.399193925,0
4/19/2017,28.8375,26594394,53.9608,0.0129,0.3363,131,115.35,3.368866822,1
4/18/2017,28.6837,25706584,49.9377,-0.0005,0.6152,212,114.7348,3.350899533,1
4/17/2017,28.4915,21776556,44.2868,-0.0059,0.258,92,113.966,3.328446262,1
4/13/2017,28.4146,19998012,41.8488,0.0061,0.1352,262,113.6584,3.319462617,1
4/12/2017,28.6165,27041348,46.8456,0.0329,0.1195,272,114.466,3.343049065,0
4/11/2017,28.876,22040224,54.6338,0.0527,0.2716,235,115.504,3.373364486,0
4/10/2017,28.8472,18505150,53.8421,0.054,0.4163,147,115.3888,3.37,1
4/7/2017,28.8279,18975740,53.3379,0.0552,0.1189,204,115.3116,3.367745327,1
4/6/2017,28.7703,21549950,51.8737,0.0553,0.143,371,115.0812,3.361016355,1
4/5/2017,28.8087,25837472,52.9013,0.0579,0.1677,247,115.2348,3.365502336,0
4/4/2017,28.8568,25057168,54.1464,0.0546,0.0574,279,115.4272,3.371121495,0
4/3/2017,28.7222,29912276,51.1576,0.0413,0.2748,141,114.8888,3.355397196,1
3/31/2017,28.6453,50796544,49.4078,0.0321,0.3004,450,168.5017647,3.338613054,1
3/30/2017,28.7126,35961304,50.8891,0.0244,0.2577,413,168.8976471,3.346456876,0
3/29/2017,28.5299,27558772,46.8748,0.0052,0.1503,353,167.8229412,3.32516317,1
3/28/2017,28.4723,27847656,45.5702,-0.0052,0.2027,357,167.4841176,3.318449883,1
3/27/2017,28.2992,28986704,41.5733,-0.0135,0.7014,136,166.4658824,3.298275058,1
3/24/2017,28.5684,27880234,46.5062,-0.0058,0.2158,271,168.0494118,3.32965035,0
3/23/2017,28.4723,24674960,44.315,-0.0184,0.2819,474,167.4841176,3.318449883,1
3/22/2017,28.3858,26000688,42.3412,-0.0252,0.1143,327,166.9752941,3.308368298,1
3/21/2017,28.2512,26834808,39.2298,-0.0232,0.3384,263,166.1835294,3.292680653,1
3/20/2017,28.5876,18877432,44.8479,-0.0025,-0.208,138,168.1623529,3.331888112,0
3/17/2017,28.7222,43638968,47.3674,-0.0018,0.1764,235,168.9541176,3.347575758,0
3/16/2017,28.5972,21207002,44.6881,-0.0126,0.228,223,168.2188235,3.333006993,1
3/15/2017,28.6068,25142832,44.8511,-0.0142,0.519,248,168.2752941,3.334125874,0
3/14/2017,28.3954,22801580,40.4083,-0.0148,0.1977,388,167.0317647,3.309487179,1
3/13/2017,28.703,30187808,45.3419,0.0086,0.12,191,168.8411765,3.345337995,0
3/10/2017,29.1067,59211872,53.2683,0.0154,0.171,222,171.2158824,3.392389277,0
3/9/2017,28.5107,25940216,38.5412,-0.0144,0.1875,712,167.71,3.322925408,1
3/8/2017,28.6453,32308400,41.2681,0.0015,0.4374,324,168.5017647,3.338613054,0
3/7/2017,28.703,29982940,42.4638,0.0147,0.1319,259,168.8411765,3.345337995,0
3/6/2017,28.8375,23420604,45.308,0.0304,0.0198,126,169.6323529,3.361013986,0
3/3/2017,28.9529,19994648,47.8593,0.0407,0.4606,178,170.3111765,3.374463869,0
3/2/2017,29.0202,27640416,49.3651,0.0439,0.0202,287,170.7070588,3.382307692,0
3/1/2017,29.0202,36882968,49.3651,0.0404,0.2782,366,170.7070588,3.382307692,0
2/28/2017,28.6549,39111912,40.6206,0.0336,0.1054,322,168.5582353,3.339731935,1
2/27/2017,28.7799,23571756,42.9784,0.0593,0.5358,168,169.2935294,3.354300699,0
2/24/2017,29.0202,27323724,47.9483,0.0849,0.269,468,170.7070588,3.382307692,0
2/23/2017,28.8568,28947908,43.8483,0.0969,0.1254,346,169.7458824,3.363263403,1
2/22/2017,29.1548,30124504,50.5967,0.1274,0.3519,321,171.4988235,3.397995338,0
2/21/2017,29.3374,30241032,55.454,0.1383,0.2278,153,172.5729412,3.419277389,0
2/17/2017,29.1932,21849428,52.0817,0.1293,0.0699,191,171.7247059,3.402470862,1
2/16/2017,29.2701,25932516,54.1104,0.1231,0.0403,203,172.1770588,3.411433566,0
2/15/2017,29.174,25472282,51.9374,0.0996,0.565,292,171.6117647,3.4002331,1
2/14/2017,29.1067,35028336,50.4111,0.0687,0.0679,265,171.2158824,3.392389277,1
2/13/2017,28.876,37020016,44.8336,0.0261,0.4945,88,169.8588235,3.365501166,1
2/10/2017,28.5684,22787056,35.9087,-0.0149,0.4301,224,168.0494118,3.32965035,1
2/9/2017,28.4434,21665972,31.743,-0.0419,0.139,302,167.3141176,3.315081585,1
2/8/2017,28.2896,32181440,26.266,-0.063,0.1695,293,166.4094118,3.297156177,1
2/7/2017,28.4146,23778270,27.9586,-0.07,0.0296,217,167.1447059,3.311724942,0
2/6/2017,28.5107,23725084,29.3076,-0.0827,0.6488,103,167.71,3.322925408,0
2/3/2017,28.5492,31104310,29.8424,-0.1007,0.08,412,167.9364706,3.327412587,0
2/2/2017,28.5299,21709544,29.2429,-0.12,0.231,244,167.8229412,3.32516317,1
2/1/2017,28.5396,25682268,29.3594,-0.1344,0.4448,348,167.88,3.326293706,0
1/31/2017,28.5492,38703424,29.4684,-0.143,-0.2819,485,167.9364706,3.327412587,0
1/30/2017,28.7991,26211790,32.3695,-0.1422,-0.2024,255,169.4064706,3.356538462,0
1/27/2017,28.8472,30005628,32.9487,-0.1514,0.1195,313,169.6894118,3.362144522,0
1/26/2017,29.1451,26767132,36.7331,-0.1558,0.1877,465,171.4417647,3.396864802,0
1/25/2017,29.1932,38131704,37.376,-0.1783,0.3097,270,171.7247059,3.402470862,0
1/24/2017,28.8375,33686500,28.8145,-0.2026,0.4184,286,169.6323529,3.361013986,1
1/23/2017,28.5972,59093384,22.1357,-0.1876,0.6971,191,168.2188235,3.333006993,1
1/20/2017,29.347,83552728,30.3986,-0.1234,0.7692,885,172.6294118,3.42039627,0
1/19/2017,30.0007,37697856,43.5625,-0.0876,0.6912,351,176.4747059,3.496585082,0
1/18/2017,30.0199,24701360,44.0838,-0.091,0.2964,231,176.5876471,3.498822844,0
1/17/2017,30.0583,28827308,45.086,-0.0921,0.0679,188,176.8135294,3.503298368,0
1/13/2017,30.1448,24323768,47.334,-0.0918,0.8818,220,177.3223529,3.513379953,0
1/12/2017,30.1737,29916078,48.076,-0.0946,0.5267,239,177.4923529,3.516748252,0
1/11/2017,30.2506,28385102,50.0175,-0.0965,0.0905,318,177.9447059,3.525710956,0
1/10/2017,30.1545,27202526,47.5594,-0.1022,-0.048,259,177.3794118,3.51451049,1
1/9/2017,30.241,21262544,49.5978,-0.0959,-0.1679,119,177.8882353,3.524592075,0
1/6/2017,30.3852,22120800,53.1215,-0.0903,0.3315,196,178.7364706,3.541398601,0
1/5/2017,30.2986,25856824,51.1895,-0.0922,0.3359,389,178.2270588,3.531305361,1
1/4/2017,30.4717,21442858,55.4321,-0.083,0.6079,200,179.2452941,3.551480186,0
1/3/2017,30.4621,32149536,55.2408,-0.0834,0.8995,166,179.1888235,3.550361305,1
12/30/2016,30.3755,25455240,53.5748,-0.081,0.2475,174,66.03369565,3.503517878,1
12/29/2016,30.4813,16092077,55.9377,-0.0666,0.1067,204,66.26369565,3.515720877,0
12/28/2016,30.4717,18885708,55.7731,-0.0543,0.189,181,66.24282609,3.51461361,1
12/27/2016,30.6639,15655879,59.9327,-0.0349,0.2148,53,66.66065217,3.536782007,0
12/23/2016,30.6447,14988550,59.6533,-0.0263,0.4178,180,66.61891304,3.534567474,1
12/22/2016,30.587,24193792,58.854,-0.0145,0.1406,215,66.49347826,3.527912341,1
12/21/2016,30.885,27964664,65.0355,0.0054,0.3758,230,67.14130435,3.562283737,0
12/20/2016,31.0004,39818240,67.5871,0.0002,0.3007,239,67.39217391,3.575594002,0
12/19/2016,30.6831,34951832,63.9781,-0.0259,0.3869,109,66.7023913,3.53899654,1
12/16/2016,30.5197,71976176,61.9516,-0.0393,0.734,337,66.34717391,3.520149942,1
12/15/2016,30.0487,43377420,55.207,-0.0469,0.3438,582,65.32326087,3.465824683,1
12/14/2016,30.2794,43675284,60.0482,-0.0136,0.2159,271,65.82478261,3.492433679,0
12/13/2016,30.5101,34500440,65.3712,0.0108,0.6233,221,66.32630435,3.519042676,0
12/12/2016,30.6255,31040716,68.1772,0.0188,0.422,148,66.57717391,3.532352941,0
12/9/2016,30.5486,31227376,67.3085,0.0117,0.7093,260,66.41,3.523483276,1
12/8/2016,30.3083,28145056,64.4963,0.0007,0.2579,265,65.8876087,3.495767013,1
12/7/2016,30.3755,32896980,65.9718,0.0011,0.425,214,66.03369565,3.503517878,0
12/6/2016,29.9622,17573264,60.8647,-0.0115,0.2014,265,65.13521739,3.455847751,1
12/5/2016,29.9045,22138326,60.0886,0.005,-0.2252,114,65.00978261,3.449192618,1
12/2/2016,30.1256,21401028,64.6525,0.0303,0.083,335,65.49043478,3.474694348,0
12/1/2016,30.1737,44701976,65.6592,0.0393,0.0568,392,65.595,3.480242215,0
11/30/2016,29.5681,45636888,58.0094,0.0391,0.4553,416,64.27847826,3.410392157,1
11/29/2016,29.8469,31423688,64.1142,0.0909,0.2387,332,64.88456522,3.44254902,0
11/28/2016,30.0391,22092676,68.7473,0.1316,0.3642,158,65.3023913,3.464717416,0
11/25/2016,30.2217,13162239,73.4281,0.1603,0.3399,95,65.69934783,3.485778547,0
11/23/2016,30.1256,24624934,72.5135,0.1688,0.2207,268,65.49043478,3.474694348,1
11/22/2016,29.9718,27721316,71.0321,0.1734,0.1658,445,65.15608696,3.456955017,1
11/21/2016,29.6738,22136288,67.9216,0.1779,0.1249,235,64.50826087,3.422583622,1
11/18/2016,29.4816,28583868,65.7162,0.197,0.1738,333,64.09043478,3.400415225,1
11/17/2016,29.5969,17834070,68.3336,0.228,0.5061,275,64.34108696,3.413713956,0
11/16/2016,29.5489,25265840,67.838,0.2445,0.4354,711,64.23673913,3.408177624,1
11/15/2016,29.5585,40185972,68.0358,0.2541,0.1603,418,64.2576087,3.40928489,0
11/14/2016,29.3278,37740536,65.8149,0.2469,0.2912,208,63.75608696,3.382675894,1
11/11/2016,29.52,42712372,69.5544,0.2388,0.2269,339,64.17391304,3.404844291,0
11/10/2016,29.2317,81324768,66.9379,0.1879,0.2123,378,63.54717391,3.371591696,1
11/9/2016,28.4819,54046508,58.2818,0.1226,0.2176,384,61.91717391,3.285109573,1
11/8/2016,28.28,35829368,55.36,0.0877,0.2918,330,61.47826087,3.261822376,1
11/7/2016,28.1743,41254152,53.7857,0.0486,0.1143,149,61.24847826,3.249630911,1
11/4/2016,27.338,35864920,37.632,-0.0031,0.1205,372,59.43043478,3.153171857,1
11/3/2016,27.1842,23000684,33.6728,0.0037,0.1388,323,59.09608696,3.135432526,1
11/2/2016,27.3861,30873252,36.4965,0.0339,0.5222,481,59.535,3.158719723,0
11/1/2016,27.7609,32010770,42.6663,0.0628,0.5766,1590,60.34978261,3.20194925,0
10/31/2016,27.9724,43563696,46.8115,0.0695,0.4912,1334,60.80956522,3.226343714,0
10/28/2016,28.0878,67870824,49.2342,0.0572,0.5779,826,61.06043478,3.239653979,0
10/27/2016,27.5206,25432888,33.5278,0.0256,0.4226,787,59.8273913,3.174232987,1
10/26/2016,27.7513,24357188,37.9645,0.0357,0.388,398,60.32891304,3.200841984,0
10/25/2016,27.5399,26480722,30.0901,0.0302,0.3249,357,59.86934783,3.176459054,1
10/24/2016,27.7994,31139738,35.1789,0.0455,0.3532,314,60.43347826,3.20638985,0
10/21/2016,27.8571,64153188,36.4509,0.0449,0.6018,1106,60.55891304,3.213044983,0
10/20/2016,27.9436,28433328,38.3842,0.0395,0.2424,331,60.74695652,3.223021915,0
10/19/2016,27.934,29187978,38.0451,0.0243,-0.1382,293,60.72608696,3.221914648,1
10/18/2016,27.8571,27562376,35.405,0.0046,0.4816,347,60.55891304,3.213044983,1
10/17/2016,27.7321,39732552,30.9659,-0.0137,0.1656,253,60.28717391,3.198627451,1
10/14/2016,27.7706,28181380,31.5861,-0.0233,0.615,280,60.37086957,3.203068051,0
10/13/2016,27.6552,28392556,27.5436,-0.0349,0.1151,257,60.12,3.189757785,1
10/12/2016,27.7802,22754704,29.2843,-0.0332,0.6439,495,60.39173913,3.204175317,0
10/11/2016,27.7994,30942236,29.5511,-0.0349,0.5221,384,60.43347826,3.20638985,0
10/10/2016,27.7417,33981884,27.7166,-0.0314,0.2797,127,60.30804348,3.199734717,1
10/7/2016,27.9532,37840132,30.413,-0.012,0.2593,294,60.76782609,3.224129181,0
10/6/2016,28.1358,28087932,32.9865,0.0036,0.0572,440,61.16478261,3.245190311,0
10/5/2016,28.3569,24936856,36.4538,0.0145,0.0691,247,61.64543478,3.270692042,0
10/4/2016,28.3569,31127714,36.4538,0.0132,0.3951,320,61.64543478,3.270692042,0
10/3/2016,28.4915,19794076,38.5824,0.0152,-0.1422,71,61.93804348,3.28621684,0
9/30/2016,28.4723,36120040,38.103,0.0087,0.3737,315,94.90766667,3.074762419,1
9/29/2016,28.3858,38873664,36.0159,0.0046,0.1594,508,94.61933333,3.065421166,1
9/28/2016,28.7414,26750632,41.3366,0.0119,0.2026,319,95.80466667,3.103822894,0
9/27/2016,28.7222,25491940,40.8984,-0.0085,0.3468,369,95.74066667,3.10174946,1
9/26/2016,28.3954,25905794,32.9969,-0.033,0.1639,207,94.65133333,3.066457883,1
9/23/2016,28.7318,22821676,37.8316,-0.0308,0.6033,234,95.77266667,3.102786177,0
9/22/2016,28.876,29379880,40.1741,-0.0538,0.3505,257,96.25333333,3.118358531,0
9/21/2016,28.6934,29031558,35.4748,-0.0957,0.1226,420,95.64466667,3.098639309,1
9/20/2016,28.5203,29646464,30.6851,-0.131,0.3903,400,95.06766667,3.079946004,1
9/19/2016,28.2896,30501300,23.6701,-0.1542,0.2377,252,94.29866667,3.055032397,1
9/16/2016,28.5299,64934724,26.2386,-0.1509,0.7998,301,95.09966667,3.080982721,0
9/15/2016,28.5972,35262528,27.0004,-0.154,0.4303,359,95.324,3.08825054,0
9/14/2016,28.5492,51077592,25.5671,-0.1499,0.0796,305,95.164,3.083066955,1
9/13/2016,28.6934,45066224,27.0464,-0.1236,0.1961,403,95.64466667,3.098639309,0
9/12/2016,29.3086,41407280,35.0905,-0.0842,0.2801,149,97.69533333,3.165075594,0
9/9/2016,28.9433,44619720,22.359,-0.0755,0.4461,274,96.47766667,3.12562635,1
9/8/2016,29.8372,30256180,40.3407,-0.0171,0.2094,298,99.45733333,3.222159827,0
9/7/2016,29.8565,27266888,40.9991,-0.0127,0.4826,733,99.52166667,3.22424406,0
9/6/2016,29.8469,40955652,40.5486,-0.0059,0.4438,587,99.48966667,3.223207343,1
9/2/2016,30.0776,20807496,48.8638,0.0072,0.474,238,100.2586667,3.24812095,0
9/1/2016,29.991,41255600,44.9315,0.0046,0.4302,259,99.97,3.238768898,1
8/31/2016,30.0295,33416260,46.4042,0.0095,0.3143,425,100.0983333,3.242926566,0
8/30/2016,30.1545,18137872,51.498,0.0134,0.2202,498,100.515,3.256425486,0
8/29/2016,30.1448,21248854,51.1147,0.0064,0.4049,166,100.4826667,3.25537797,1
8/26/2016,30.0199,22265644,45.9594,-0.0034,0.2326,240,100.0663333,3.241889849,1
8/25/2016,30.0007,17027872,45.1328,-0.0053,0.5456,296,100.0023333,3.239816415,1
8/24/2016,30.0103,22045112,45.4556,-0.0052,0.0942,265,100.0343333,3.240853132,0
8/23/2016,30.0199,32116692,45.7595,-0.0046,0.0751,391,100.0663333,3.241889849,0
8/22/2016,30.1064,20460480,48.4677,-0.0037,-0.5081,157,100.3546667,3.251231102,0
8/19/2016,30.0391,24742796,46.1666,-0.0099,0.5801,241,100.1303333,3.243963283,1
8/18/2016,30.2121,28041240,51.6762,-0.0114,0.3466,369,100.707,3.262645788,0
8/17/2016,30.0776,17598104,47.1183,-0.0297,0.3971,299,100.2586667,3.24812095,1
8/16/2016,29.9814,22383560,43.5893,-0.0421,0.1042,275,99.938,3.237732181,1
8/15/2016,30.0295,19553314,44.983,-0.0481,0.5513,138,100.0983333,3.242926566,0
8/12/2016,30.0295,21327002,44.983,-0.0582,0.4789,200,100.0983333,3.242926566,0
8/11/2016,30.0776,37986168,46.2584,-0.0691,0.7201,175,100.2586667,3.24812095,0
8/10/2016,30.0583,18538116,45.6864,-0.0857,0.3403,180,100.1943333,3.246036717,1
8/9/2016,30.0872,20108832,46.3738,-0.1033,0.2279,217,100.2906667,3.249157667,0
8/8/2016,30.0583,20434126,45.614,-0.1262,0.2219,92,100.1943333,3.246036717,1
8/5/2016,30.0679,21577288,45.8149,-0.1501,0.5433,234,100.2263333,3.247073434,0
8/4/2016,29.9622,20293694,43.2619,-0.1782,0.2207,338,99.874,3.235658747,1
8/3/2016,29.9238,20006018,42.3446,-0.1992,0.1817,278,99.746,3.231511879,1
8/2/2016,29.8469,27000556,40.56,-0.2148,0.4246,347,99.48966667,3.223207343,1
8/1/2016,29.943,31154872,42.0716,-0.2171,0.1071,128,99.81,3.233585313,0
7/29/2016,29.9334,50052184,41.8704,-0.2166,0.2128,406,99.778,3.232548596,1
7/28/2016,30.0391,30297520,43.4101,-0.2016,0.2307,494,100.1303333,3.243963283,0
7/27/2016,30.0679,39256528,43.8182,-0.1772,0.2313,496,100.2263333,3.247073434,0
7/26/2016,30.2506,36903948,46.3823,-0.1327,0.4524,337,100.8353333,3.266803456,0
7/25/2016,30.414,45728700,48.7526,-0.0764,0.3098,215,101.38,3.284449244,0
7/22/2016,30.8177,57763808,55.2271,-0.0043,0.8605,991,102.7256667,3.328045356,0
7/21/2016,31.3272,42869416,65.4051,0.0621,0.466,441,104.424,3.383066955,0
7/20/2016,31.5098,35557792,69.6799,0.1033,0.6726,353,105.0326667,3.402786177,0
7/19/2016,31.654,33557724,73.1865,0.1341,0.5477,238,105.5133333,3.418358531,0
7/18/2016,31.6348,38265112,73.0184,0.1501,0.3657,158,105.4493333,3.416285097,1
7/15/2016,31.6059,42308768,72.7807,0.1584,0.2769,323,105.353,3.413164147,1
7/14/2016,31.3656,33877776,70.7894,0.155,0.2076,309,104.552,3.387213823,1
7/13/2016,31.1061,32464414,68.4766,0.1556,0.25,407,103.687,3.359190065,1
7/12/2016,31.01,38090960,67.5942,0.1648,0.2148,419,103.3666667,3.348812095,1
7/11/2016,30.9619,37979064,67.1675,0.1711,0.1831,165,103.2063333,3.343617711,1
7/8/2016,30.9523,38531744,67.087,0.1678,0.4683,352,103.1743333,3.342580994,1
7/7/2016,30.587,37517308,63.9705,0.1462,0.253,183,101.9566667,3.303131749,1
7/6/2016,30.5101,32105904,63.291,0.134,0.0835,359,101.7003333,3.294827214,1
7/5/2016,30.2314,32360464,60.8027,0.1091,0.423,132,100.7713333,3.264730022,1
7/1/2016,30.2698,32700348,61.3352,0.0871,0.337,436,100.8993333,3.26887689,0
6/30/2016,30.2602,54514456,61.2564,0.0394,0.1244,912,65.78304348,3.192004219,1
6/29/2016,29.3662,35868200,52.9851,-0.0398,-0.2194,442,63.83956522,3.097700422,1
6/28/2016,28.7799,38208496,45.9581,-0.0727,0.0897,453,62.565,3.03585443,1
6/27/2016,28.1839,55173360,37.0828,-0.0603,0.0901,177,61.26934783,2.972985232,1
6/24/2016,28.6645,85669176,42.2829,0.024,0.4919,460,62.31413043,3.023681435,0
6/23/2016,29.9814,40228964,65.7363,0.1062,0.2393,441,65.17695652,3.162594937,0
6/22/2016,29.5873,36011780,59.4924,0.0931,0.5363,335,64.32021739,3.121023207,1
6/21/2016,29.7411,36034264,63.6988,0.1035,0.2825,365,64.65456522,3.137246835,0
6/20/2016,29.6354,47891136,61.9828,0.0952,-0.2838,220,64.42478261,3.126097046,1
6/17/2016,29.4143,55635868,58.141,0.0846,0.0758,278,63.94413043,3.102774262,1
6/16/2016,29.4527,67618136,59.1056,0.0832,0.1845,334,64.0276087,3.106824895,0
6/15/2016,29.4047,43765244,58.3027,0.0705,0.2549,426,63.92326087,3.101761603,1
6/14/2016,29.2605,43700512,55.8901,0.0501,0.214,381,63.60978261,3.086550633,1
6/13/2016,28.6741,32959956,43.558,0.0289,0.3224,113,62.335,3.024694093,1
6/10/2016,28.876,29429998,47.833,0.0537,0.0833,303,62.77391304,3.045991561,0
6/9/2016,29.0682,26527176,52.3792,0.0694,0.234,376,63.19173913,3.066265823,0
6/8/2016,29.1355,29141296,54.0487,0.0705,0.1623,401,63.33804348,3.073364979,0
6/7/2016,28.9721,25650884,50.49,0.0613,0.4319,485,62.98282609,3.056128692,1
6/6/2016,28.9529,18662104,50.0675,0.0601,-0.1892,186,62.94108696,3.054103376,1
6/3/2016,28.7799,23802488,46.2336,0.0574,0.1292,329,62.565,3.03585443,1
6/2/2016,28.8856,19031308,48.3398,0.0683,0.4416,359,62.79478261,3.047004219,0
6/1/2016,28.9433,21126650,49.4815,0.0718,0.3369,369,62.92021739,3.053090717,0
5/31/2016,29.0586,30296320,51.7515,0.0684,-0.2017,299,63.17086957,3.065253165,0
5/27/2016,28.9529,19499066,49.7909,0.0487,0.3588,382,62.94108696,3.054103376,1
5/26/2016,28.8568,22647448,48.0074,0.0274,0.4909,478,62.73217391,3.043966245,1
5/25/2016,28.9241,27663896,49.1421,0.0044,0.465,285,62.87847826,3.051065401,0
5/24/2016,28.6934,24220348,45.0039,-0.0358,0.2591,563,62.37695652,3.026729958,1
5/23/2016,28.3473,23615442,37.9744,-0.0699,0.0607,283,61.62456522,2.990221519,1
5/20/2016,28.4146,35004528,38.8715,-0.0795,0.5246,288,61.77086957,2.997320675,0
5/19/2016,28.2223,34044848,34.7841,-0.0918,0.3872,475,61.35282609,2.977035865,1
5/18/2016,28.4627,27805496,37.7109,-0.0811,0.0676,253,61.87543478,3.002394515,0
5/17/2016,28.5588,33520126,38.9275,-0.0791,0.4213,224,62.08434783,3.012531646,0
5/16/2016,28.7991,25698304,42.0789,-0.0767,0.6165,120,62.60673913,3.037879747,0
5/13/2016,28.4915,35266928,35.9123,-0.0887,0.1614,408,61.93804348,3.005432489,1
5/12/2016,28.9241,47269596,41.7111,-0.0674,0.365,316,62.87847826,3.051065401,0
5/11/2016,29.1644,23610512,45.5012,-0.0704,0.3003,391,63.40086957,3.076413502,0
5/10/2016,29.2989,27130428,47.7578,-0.0924,0.5331,326,63.69326087,3.090601266,0
5/9/2016,28.7126,27154282,34.6439,-0.1325,0.285,137,62.41869565,3.028755274,1
5/6/2016,28.9529,28301406,38.3029,-0.125,0.4499,315,62.94108696,3.054103376,0
5/5/2016,28.7318,31699160,32.184,-0.127,0.7192,278,62.46043478,3.030780591,1
5/4/2016,28.9048,39794592,34.6838,-0.0972,0.4961,199,62.83652174,3.049029536,0
5/3/2016,29.4431,27715452,44.7176,-0.06,0.5124,322,64.00673913,3.105812236,0
5/2/2016,29.6931,17191088,51.0896,-0.0514,0.5264,129,64.55021739,3.132183544,0
4/29/2016,29.5585,28902630,47.3375,-0.0602,-0.4851,363,64.2576087,3.117985232,1
4/28/2016,29.7027,28826782,51.2489,-0.057,0.1505,388,64.57108696,3.133196203,0
4/27/2016,29.7315,22943908,52.0476,-0.0635,0.3148,361,64.63369565,3.136234177,0
4/26/2016,29.7027,28684888,51.3435,-0.0735,0.4192,391,64.57108696,3.133196203,1
4/25/2016,29.4912,35476456,45.9379,-0.0824,0.3782,422,64.11130435,3.110886076,1
4/22/2016,29.5681,56497504,47.7284,-0.0707,0.6872,994,64.27847826,3.11899789,0
4/21/2016,29.7796,39651444,53.0036,-0.0566,0.5343,289,64.73826087,3.141308017,0
4/20/2016,29.943,26550896,57.5691,-0.054,0.2066,263,65.09347826,3.158544304,0
4/19/2016,29.943,22872438,57.5691,-0.0651,0.0899,237,65.09347826,3.158544304,0
4/18/2016,29.8565,21074404,55.8325,-0.0807,0.4111,188,64.90543478,3.149419831,1
4/15/2016,29.8276,24440120,55.2657,-0.0936,0.1354,536,64.8426087,3.146371308,1
4/14/2016,29.818,21497386,55.0874,-0.1074,0.0803,308,64.82173913,3.14535865,1
4/13/2016,29.7796,23692740,54.4122,-0.1238,0.2902,202,64.73826087,3.141308017,1
4/12/2016,29.6162,27555276,51.5371,-0.1402,0.4474,414,64.38304348,3.12407173,1
4/11/2016,29.52,25126508,49.808,-0.1431,0.4462,376,64.17391304,3.113924051,1
4/8/2016,29.5969,26808894,51.164,-0.1316,0.0637,426,64.34108696,3.122035865,0
4/7/2016,29.4431,33563504,48.5634,-0.1163,-0.0127,308,64.00673913,3.105812236,1
4/6/2016,29.7027,36643204,52.9847,-0.073,0.0447,370,64.57108696,3.133196203,0
4/5/2016,29.7796,31282070,54.3461,-0.0312,-0.2035,425,64.73826087,3.141308017,0
4/4/2016,30.0199,44929032,58.7242,0.0229,0.3442,141,65.26065217,3.166656118,0
4/1/2016,30.6928,39399552,74.2834,0.0754,0.1052,759,66.72347826,3.237637131,0
3/31/2016,30.5582,36834320,72.9526,0.077,0.1,972,160.8326316,3.086686869,1
3/30/2016,30.5966,35094036,73.9682,0.0798,0.2984,519,161.0347368,3.090565657,0
3/29/2016,30.2602,38549776,70.6481,0.067,0.182,298,159.2642105,3.056585859,1
3/28/2016,30.2698,39486776,70.888,0.0686,0.5623,75,159.3147368,3.057555556,0
3/24/2016,29.9045,27602998,66.9257,0.0584,0.4255,201,157.3921053,3.020656566,1
3/23/2016,29.8661,27235058,66.4798,0.0683,0.5463,259,157.19,3.016777778,1
3/22/2016,29.8565,26035992,66.3745,0.0766,0.5188,418,157.1394737,3.015808081,1
3/21/2016,29.8853,27368276,66.9602,0.0789,0.2162,124,157.2910526,3.018717172,0
3/18/2016,29.7219,52373900,65.3515,0.0678,0.3524,319,156.4310526,3.002212121,1
3/17/2016,29.7603,60643344,66.0542,0.056,0.1884,228,156.6331579,3.006090909,0
3/16/2016,29.001,32846964,57.7161,0.024,0.264,258,152.6368421,2.929393939,1
3/15/2016,29.1067,28899038,59.6092,0.0436,0.3103,432,153.1931579,2.940070707,0
3/14/2016,29.0971,22160340,59.4971,0.0562,0.5609,223,153.1426316,2.93910101,1
3/11/2016,29.1644,32159602,60.5906,0.0682,0,168,153.4968421,2.94589899,0
3/10/2016,28.7799,33147924,56.3319,0.0708,0.1246,244,151.4731579,2.907060606,1
3/9/2016,28.8856,24820940,57.9305,0.1043,0.3836,185,152.0294737,2.917737374,0
3/8/2016,28.8952,31147912,58.0696,0.1348,0.1388,211,152.08,2.918707071,0
3/7/2016,29.1163,26247242,61.2086,0.168,0.015,120,153.2436842,2.941040404,0
3/4/2016,29.2797,33034866,63.5669,0.1817,0.0128,262,154.1036842,2.957545455,0
3/3/2016,29.049,28112868,61.6288,0.1698,0.0587,257,152.8894737,2.934242424,1
3/2/2016,29.0106,37215228,61.3103,0.1585,0.1452,371,152.6873684,2.930363636,1
3/1/2016,28.7222,32332716,58.9363,0.1304,0.0449,373,151.1694737,2.901232323,1
2/29/2016,28.0109,34166440,52.2215,0.1039,0.0288,274,147.4257895,2.829383838,1
2/26/2016,28.2608,29345108,55.1645,0.1255,0.2577,263,148.7410526,2.854626263,0
2/25/2016,28.0974,35881328,53.5761,0.1247,0.2932,294,147.8810526,2.838121212,1
2/24/2016,27.8378,44928512,51.0167,0.1307,0.1828,301,146.5147368,2.81189899,1
2/23/2016,28.0878,31151238,53.6621,0.1573,0.1318,318,147.8305263,2.837151515,0
2/22/2016,28.2704,38513128,55.619,0.1632,0.0527,161,148.7915789,2.85559596,0
2/19/2016,27.8955,36065056,52.3037,0.1429,0.0954,230,146.8184211,2.817727273,1
2/18/2016,27.9532,31054282,52.8679,0.14,0.1993,305,147.1221053,2.823555556,0
2/17/2016,28.2031,38254828,55.2667,0.1215,0.0239,332,148.4373684,2.84879798,0
2/16/2016,27.7417,47218844,51.4937,0.0606,0.0458,219,146.0089474,2.802191919,1
2/12/2016,27.165,57645608,46.2295,0.01,-0.0747,174,142.9736842,2.743939394,1
2/11/2016,26.3864,80549952,37.7624,-0.008,0.222,157,138.8757895,2.665292929,1
2/10/2016,27.2034,32492566,44.6069,0.0481,0.6402,242,143.1757895,2.747818182,0
2/9/2016,27.1842,37031616,44.3867,0.0554,0.0779,245,143.0747368,2.745878788,1
2/8/2016,27.0785,48096400,43.234,0.0693,0.0387,127,142.5184211,2.73520202,1
2/5/2016,27.4341,51984712,46.2265,0.1017,0.4225,268,144.39,2.771121212,0
2/4/2016,28.0493,53998320,52.0085,0.1143,0.5685,211,147.6278947,2.833262626,0
2/3/2016,27.5591,44261624,47.1137,0.068,0.453,393,145.0478947,2.783747475,1
2/2/2016,27.1457,40071820,42.5242,0.0447,0.3517,326,142.8721053,2.741989899,1
2/1/2016,27.5302,43446240,45.9701,0.0524,0.0961,211,144.8957895,2.780828283,0
1/29/2016,27.9724,51576200,50.3249,0.0279,-0.2339,394,147.2231579,2.825494949,0
1/28/2016,27.1169,40069896,40.1367,-0.0517,0.4164,324,142.7205263,2.739080808,1
1/27/2016,26.915,46116364,37.32,-0.0802,0.2882,348,141.6578947,2.718686869,1
1/26/2016,27.213,42432904,39.893,-0.0917,0.2223,426,143.2263158,2.748787879,0
1/25/2016,26.9535,44848832,36.3437,-0.1261,0.3994,336,141.8605263,2.722575758,1
1/22/2016,27.1457,87869408,37.8823,-0.1378,0.5853,1181,142.8721053,2.741989899,0
1/21/2016,27.4822,56037636,40.681,-0.1589,0.1792,483,144.6431579,2.775979798,0
1/20/2016,26.915,88062768,32.9242,-0.2083,0.2895,413,141.6578947,2.718686869,1
1/19/2016,27.3861,51986820,36.6168,-0.2072,0.072,244,144.1373684,2.766272727,0
1/15/2016,27.3861,69424816,36.6168,-0.2322,0.1417,1489,144.1373684,2.766272727,0
1/14/2016,27.934,65236864,41.2579,-0.2495,0.1218,1241,147.0210526,2.821616162,0
1/13/2016,27.1457,55717720,29.2846,-0.3098,0.1674,768,142.8721053,2.741989899,1
1/12/2016,27.5302,47682760,32.2634,-0.2985,0.1664,340,144.8957895,2.780828283,0
1/11/2016,27.4726,58433440,31.2899,-0.2943,0.7379,249,144.5926316,2.775010101,1
1/8/2016,27.3476,74496048,29.2441,-0.258,0.5718,224,143.9347368,2.762383838,1
1/7/2016,27.8475,92267376,32.8804,-0.1676,0.3723,283,146.5657895,2.812878788,0
1/6/2016,29.0779,62652684,45.936,-0.0632,0.4892,235,153.0415789,2.937161616,0
1/5/2016,29.5489,55176248,53.485,-0.0199,0.781,290,155.5205263,2.984737374,0
1/4/2016,29.52,62881520,53.0464,-0.0009,0.3075,149,155.3684211,2.981818182,1
12/31/2015,29.943,52307704,60.8638,0.0287,0.4894,280,157.5947368,3.024545455,0
12/30/2015,29.8469,29127672,59.6075,0.0267,0.1622,334,157.0889474,3.014838384,1
12/29/2015,30.0679,33400428,63.9946,0.0275,0.4131,188,158.2521053,3.037161616,0
12/28/2015,29.7027,26557660,59.4116,0.0003,0.5486,108,156.33,3.000272727,1
12/24/2015,29.6354,13518873,58.5083,-0.0092,0.4893,353,155.9757895,2.993474747,1
12/23/2015,29.7507,35775368,60.6573,-0.0203,0.1541,326,156.5826316,3.005121212,0
12/22/2015,29.3086,42256400,54.7397,-0.0515,0.1774,422,154.2557895,2.960464646,1
12/21/2015,29.222,40719168,53.4682,-0.0556,-0.0176,204,153.8,2.951717172,1
12/18/2015,29.1067,83144824,51.7913,-0.0523,0.1999,330,153.1931579,2.940070707,1
12/17/2015,29.3662,58024144,56.0082,-0.0349,0.2195,576,154.5589474,2.966282828,0
12/16/2015,29.7796,73831504,63.6753,-0.0348,0.5573,276,156.7347368,3.008040404,0
12/15/2015,29.1451,59345616,54.8703,-0.0781,0.3774,463,153.3952632,2.943949495,1
12/14/2015,29.0875,65059336,53.9276,-0.0803,0.1994,106,153.0921053,2.938131313,1
12/11/2015,29.0875,62907676,53.9276,-0.076,0.1863,263,153.0921053,2.938131313,0
12/10/2015,29.4624,47082548,61.0784,-0.0677,0.0616,456,155.0652632,2.976,0
12/9/2015,29.2893,50560428,58.7333,-0.0922,0.1323,441,154.1542105,2.958515152,1
12/8/2015,29.0202,53265472,54.7993,-0.1115,-0.3882,741,152.7378947,2.931333333,1
12/7/2015,29.1932,66681280,58.1059,-0.1114,0.059,813,153.6484211,2.948808081,0
12/4/2015,29.3086,58203164,60.3606,-0.1257,0.3195,469,154.2557895,2.960464646,0
12/3/2015,28.8664,62969944,54.0083,-0.1564,-0.0863,517,151.9284211,2.91579798,1
12/2/2015,28.8087,44123576,53.0979,-0.1543,0.0771,509,151.6247368,2.909969697,1
12/1/2015,29.001,54244856,56.5633,-0.1399,0.217,446,152.6368421,2.929393939,0
11/30/2015,28.7799,79716584,53.3093,-0.1331,0.3564,154,58.7344898,2.746173664,1
11/27/2015,29.1836,33143866,61.0665,-0.0972,0.5061,96,59.55836735,2.784694656,0
11/25/2015,29.1836,54159736,61.0665,-0.0821,0.0661,447,59.55836735,2.784694656,0
11/24/2015,29.472,145876736,67.078,-0.0607,0.2267,419,60.14693878,2.81221374,0
11/23/2015,29.4047,135391488,66.3605,-0.0608,0.0889,283,60.00959184,2.805791985,1
11/20/2015,29.472,210757488,67.7312,-0.0591,0.0852,308,60.14693878,2.81221374,0
11/19/2015,29.0971,98930080,63.8704,-0.0685,0.1406,259,59.38183673,2.77644084,1
11/18/2015,29.3374,177775424,68.7678,-0.0502,0.2869,444,59.8722449,2.799370229,0
11/17/2015,29.1451,431332640,66.8813,-0.052,0.2834,502,59.47979592,2.781020992,1
11/16/2015,29.1836,284804160,67.6401,-0.0419,0.1258,199,59.55836735,2.784694656,0
11/13/2015,29.1067,247153648,66.9436,-0.0373,0.1921,529,59.40142857,2.77735687,1
11/12/2015,28.9913,292791616,65.9221,-0.0304,0.4542,352,59.16591837,2.76634542,1
11/11/2015,29.4816,197598768,75.0785,-0.0165,0.3174,480,60.16653061,2.813129771,0
11/10/2015,28.9529,239464960,71.0521,-0.0545,0.5673,635,59.08755102,2.762681298,1
11/9/2015,28.5972,145462176,67.8025,-0.0681,0.1792,363,58.36163265,2.728740458,1
11/6/2015,28.7606,126109840,71.2131,-0.0599,0.1104,460,58.69510204,2.744332061,0
11/5/2015,28.4915,122593512,68.8139,-0.0704,0.2486,475,58.14591837,2.71865458,1
11/4/2015,28.3954,105133880,67.9274,-0.0661,0.1246,340,57.94979592,2.709484733,1
11/3/2015,28.4434,95829896,68.8359,-0.0564,0.4401,534,58.0477551,2.714064885,0
11/2/2015,28.2608,59504740,67.2924,-0.0539,0.1501,366,57.67510204,2.696641221,1
10/30/2015,27.7994,71021376,62.9927,-0.0398,0.2066,311,56.73346939,2.652614504,1
10/29/2015,28.2031,42373944,70.5256,0.0198,0.1402,246,57.55734694,2.691135496,0
10/28/2015,28.2512,71077504,71.4703,0.0589,0.1128,304,57.6555102,2.695725191,0
10/27/2015,28.3185,67606216,72.7371,0.0982,0.2307,372,57.79285714,2.702146947,0
10/26/2015,28.405,48757396,74.3095,0.1329,0.0587,121,57.96938776,2.710400763,0
10/23/2015,28.3665,76867184,74.0782,0.1556,0.1662,322,57.89081633,2.706727099,1
10/22/2015,28.4338,81476392,75.1779,0.1705,0.0335,233,58.02816327,2.713148855,0
10/21/2015,27.7321,65519752,71.0105,0.1617,0.3108,303,56.59612245,2.646192748,1
10/20/2015,27.6648,75155008,70.5705,0.1944,0.3869,331,56.45877551,2.639770992,1
10/19/2015,27.8667,131036376,73.6857,0.2269,0.6997,308,56.87081633,2.65903626,0
10/16/2015,27.8571,142021232,73.6342,0.2295,0.7229,973,56.85122449,2.658120229,1
10/15/2015,26.9439,76978568,68.1373,0.2065,0.6537,337,54.98755102,2.570982824,1
10/14/2015,26.5305,39107856,65.0771,0.2375,0.3221,630,54.14387755,2.53153626,1
10/13/2015,26.7901,43203188,68.9375,0.3019,0.5113,425,54.67367347,2.556307252,0
10/12/2015,27.0016,25239634,72.177,0.3465,-0.0317,210,55.10530612,2.57648855,0
10/9/2015,26.9823,47327636,72.0662,0.3619,0.5589,237,55.06591837,2.574646947,1
10/8/2015,26.9439,51114700,71.8581,0.3541,0.4364,456,54.98755102,2.570982824,1
10/7/2015,26.694,65845304,70.5328,0.3132,0.1959,432,54.47755102,2.547137405,1
10/6/2015,26.2326,71909416,67.945,0.2457,0.8027,853,53.53591837,2.503110687,1
10/5/2015,25.7808,105423304,65.1633,0.1642,0.649,667,52.61387755,2.46,1
10/2/2015,24.4831,42676208,54.6721,0.0669,-0.3957,256,49.9655102,2.336173664,1
10/1/2015,24.2139,39723552,51.8812,0.0394,0.4604,438,49.41612245,2.310486641,1
9/30/2015,24.2428,43758288,52.201,0.021,0.2864,457,93.24153846,2.203890909,0
9/29/2015,23.6179,41587752,45.4347,-0.0114,0.2943,466,90.83807692,2.147081818,1
9/28/2015,23.368,42641264,42.4066,0.0031,0.2718,117,89.87692308,2.124363636,1
9/25/2015,23.9544,38950068,48.2387,0.053,0.3435,332,92.13230769,2.177672727,0
9/24/2015,23.9448,53239508,48.1301,0.0701,0.0922,336,92.09538462,2.1768,1
9/23/2015,24.1659,41189956,50.3878,0.0943,0.3073,323,92.94576923,2.1969,0
9/22/2015,24.137,44204956,50.1043,0.1045,0.0831,393,92.83461538,2.194272727,1
9/18/2015,23.839,77869312,47.4139,0.1329,0.2868,361,91.68846154,2.167181818,1
9/17/2015,24.3677,48844120,52.0114,0.1781,0.3406,431,93.72192308,2.215245455,0
9/16/2015,24.9252,61540084,57.4679,0.1851,0.202,553,95.86615385,2.265927273,0
9/15/2015,24.3197,46334688,52.4348,0.1284,0.2103,411,93.53730769,2.210881818,1
9/14/2015,23.8102,26237640,47.5899,0.0938,0.0071,149,91.57769231,2.164563636,1
9/11/2015,23.9832,31903036,49.1694,0.0882,0.2007,697,92.24307692,2.180290909,0
9/10/2015,23.7237,35043108,46.7057,0.06,0.6223,385,91.245,2.1567,1
9/9/2015,23.5987,34611248,45.5253,0.0426,0.7214,1017,90.76423077,2.145336364,1
9/8/2015,23.9928,46212840,48.6832,0.0303,0.1059,286,92.28,2.181163636,0
9/4/2015,23.07,35628376,39.5693,-0.0255,0.1361,293,88.73076923,2.097272727,1
9/3/2015,23.5603,33564784,43.3689,-0.0117,0.1458,253,90.61653846,2.141845455,0
9/2/2015,23.6179,50480840,43.8287,-0.0322,0.4001,322,90.83807692,2.147081818,0
9/1/2015,22.9547,65344036,36.658,-0.0615,0.7972,291,88.28730769,2.086790909,1
8/31/2015,23.8583,37006824,43.7179,-0.0293,0.0366,142,91.76269231,2.168936364,0
8/28/2015,24.1851,32942524,46.7412,-0.0613,0.1162,345,93.01961538,2.198645455,0
8/27/2015,24.0409,64894188,45.1884,-0.1344,0.3582,213,92.465,2.185536364,1
8/26/2015,23.0796,78965936,33.1162,-0.2194,-0.2963,314,88.76769231,2.098145455,1
8/25/2015,22.3683,60778040,21.1886,-0.2335,-0.3067,370,86.03192308,2.033481818,1
8/24/2015,22.9451,91236504,24.4747,-0.1595,0.6997,85,88.25038462,2.085918182,0
8/21/2015,23.6372,65101864,29.5879,-0.083,0.4932,206,90.91230769,2.148836364,0
8/20/2015,24.2139,34645832,35.2935,-0.0215,0.5373,284,93.13038462,2.201263636,0
8/19/2015,24.733,29149886,42.074,0.0225,0.1035,218,95.12692308,2.248454545,0
8/18/2015,25.0598,20348848,47.3978,0.0406,0.3185,251,96.38384615,2.278163636,0
8/17/2015,25.1944,19223740,49.8075,0.0357,0.2622,191,96.90153846,2.2904,0
8/14/2015,25.0694,20786348,47.5063,0.0142,0.1796,345,96.42076923,2.279036364,1
8/13/2015,24.7907,16418697,41.998,-0.0056,0.3054,221,95.34884615,2.2537,1
8/12/2015,24.858,32656190,43.0095,-0.0051,0.2083,566,95.60769231,2.259818182,0
8/11/2015,24.7138,28235312,40.1407,-0.0078,0.216,226,95.05307692,2.246709091,1
8/10/2015,25.2232,23479164,48.0819,0.0065,0.1062,152,97.01230769,2.293018182,0
8/7/2015,24.7907,25916188,38.4875,-0.0202,0.1031,141,95.34884615,2.2537,1
8/6/2015,25.0214,17298182,42.3647,-0.0139,0.2143,203,96.23615385,2.274672727,0
8/5/2015,25.0887,25471416,43.553,-0.0232,0.3497,202,96.495,2.280790909,0
8/4/2015,24.8964,21985188,39.0148,-0.0399,0.4237,200,95.75538462,2.263309091,1
8/3/2015,24.8676,32580332,38.3241,-0.0409,0.1008,72,95.64461538,2.260690909,1
7/31/2015,25.0887,23197506,41.6849,-0.0334,0.1537,275,96.495,2.280790909,0
7/28/2015,25.0887,27758314,40.9783,-0.0578,0.756,455,96.495,2.280790909,0
7/27/2015,24.9445,36276960,38.0449,-0.0588,0.2718,98,95.94038462,2.267681818,1
7/24/2015,24.7522,31124222,33.9827,-0.0389,0.2301,191,95.20076923,2.2502,1
7/23/2015,25.2425,23201200,40.2283,0.0174,0.0595,240,97.08653846,2.294772727,0
7/22/2015,25.5981,24133394,45.913,0.0574,0.2499,271,98.45423077,2.3271,0
7/21/2015,25.8096,29282284,49.7982,0.0819,0.0646,348,99.26769231,2.346327273,0
7/20/2015,26.0884,24686624,55.5524,0.0945,0.3843,207,100.34,2.371672727,0
7/16/2015,25.9922,30635414,54.4356,0.044,0.3965,271,99.97,2.362927273,1
7/15/2015,25.7327,27925144,49.5793,0.0046,0.637,256,98.97192308,2.339336364,1
7/14/2015,25.627,22294572,47.4609,-0.0293,0.0667,200,98.56538462,2.329727273,1
7/13/2015,25.4443,24324596,43.6646,-0.0672,0.0408,179,97.86269231,2.313118182,1
7/10/2015,25.2521,25359840,39.3835,-0.1005,0.1231,173,97.12346154,2.295645455,1
7/9/2015,25.0118,30411376,33.5195,-0.123,0.3889,211,96.19923077,2.2738,1
7/8/2015,24.8868,32030672,30.2619,-0.122,0.5298,279,95.71846154,2.262436364,1
7/7/2015,25.4443,32647132,37.9698,-0.0956,0.3398,291,97.86269231,2.313118182,0
7/6/2015,25.2905,27858108,33.6402,-0.1008,0.0998,112,97.27115385,2.299136364,1
7/2/2015,25.7423,26002262,41.5511,-0.0841,0.2956,774,99.00884615,2.340209091,0
7/1/2015,25.627,30427428,38.1,-0.0957,0.2647,361,98.56538462,2.329727273,1
6/30/2015,25.5404,35557792,35.4455,-0.0941,0.2585,847,91.21571429,2.353953917,1
6/29/2015,25.6077,33372328,36.5784,-0.0749,0.0654,487,91.45607143,2.360156682,0
6/26/2015,26.0403,25777444,45.2026,-0.0452,0.0235,239,93.00107143,2.40002765,0
6/25/2015,25.9922,23342076,43.8364,-0.0387,0.1853,289,92.82928571,2.39559447,1
6/24/2015,26.2037,32456692,48.8083,-0.0209,0.2268,281,93.58464286,2.415087558,0
6/23/2015,26.4825,32510908,56.6768,-0.0132,0.4998,248,94.58035714,2.44078341,0
6/22/2015,26.3575,27504658,53.5604,-0.0293,0.4138,189,94.13392857,2.429262673,1
6/19/2015,26.1845,60267648,48.8278,-0.0408,0.0931,298,93.51607143,2.413317972,1
6/18/2015,26.3095,37680660,52.4097,-0.0393,0.2194,487,93.9625,2.42483871,0
6/17/2015,26.2133,36548320,49.7782,-0.0476,0.2268,370,93.61892857,2.41597235,1
6/16/2015,26.1653,27569524,48.4549,-0.0485,0.582,362,93.4475,2.411548387,1
6/15/2015,26.1557,28498668,48.2014,-0.0426,0.4072,248,93.41321429,2.410663594,1
6/12/2015,26.3287,22170552,52.518,-0.0304,0.0206,311,94.03107143,2.426608295,0
6/11/2015,26.444,31388400,55.6003,-0.028,0.09,350,94.44285714,2.437235023,0
6/10/2015,26.5594,33175668,58.8052,-0.0356,0.0914,623,94.855,2.447870968,0
6/9/2015,26.271,31113884,52.4414,-0.0587,0.0578,658,93.825,2.421290323,1
6/8/2015,26.1845,29812812,50.3028,-0.0635,0.0133,373,93.51607143,2.413317972,1
6/5/2015,26.2326,30647728,51.4974,-0.0597,0.0683,344,93.68785714,2.417751152,0
6/4/2015,26.2037,33360470,50.8471,-0.0561,0.2284,322,93.58464286,2.415087558,1
6/3/2015,26.4633,26306272,57.2642,-0.0457,0.052,228,94.51178571,2.439013825,0
6/2/2015,26.271,26325304,53.2018,-0.0549,0.3342,389,93.825,2.421290323,1
6/1/2015,26.2229,33322428,52.1458,-0.0487,0.3026,221,93.65321429,2.416857143,1
5/29/2015,26.2133,41661016,51.9444,-0.0334,0.1169,399,93.61892857,2.41597235,1
5/28/2015,26.5594,26418344,60.448,-0.0089,0.3687,430,94.855,2.447870968,0
5/27/2015,26.4536,25326776,58.5214,-0.0081,-0.2303,267,94.47714286,2.438119816,1
5/26/2015,26.4536,47465200,58.5214,0.0008,0.5099,131,94.47714286,2.438119816,0
5/22/2015,26.6074,23289340,62.3293,0.011,0.2086,304,95.02642857,2.452294931,0
5/21/2015,26.6459,40311148,63.2852,0.0069,0.2285,508,95.16392857,2.455843318,0
5/20/2015,26.569,40173648,62.2088,-0.008,0.2486,308,94.88928571,2.44875576,1
5/19/2015,26.2902,29150774,58.0711,-0.0272,0.0292,235,93.89357143,2.423059908,1
5/18/2015,26.2518,22489480,57.4747,-0.0309,0.029,240,93.75642857,2.419520737,1
5/15/2015,26.2133,35768688,56.9056,-0.0342,0.1269,155,93.61892857,2.41597235,1
5/14/2015,26.3479,26976060,59.4934,-0.0367,0.1141,183,94.09964286,2.42837788,0
5/13/2015,26.1557,37170408,56.893,-0.0557,0.0963,347,93.41321429,2.410663594,1
5/12/2015,25.9826,29789840,54.4492,-0.0659,0.098,391,92.795,2.394709677,1
5/11/2015,25.8769,32453388,52.9352,-0.0636,0.1779,104,92.4175,2.384967742,1
5/8/2015,26.2998,37221528,60.391,-0.0487,0.2211,266,93.92785714,2.4239447,0
5/7/2015,25.9922,31038240,56.2274,-0.0687,0.3095,320,92.82928571,2.39559447,1
5/6/2015,25.7712,27761008,52.9248,-0.0689,0.0962,313,92.04,2.375225806,1
5/5/2015,25.8769,30347340,54.7596,-0.0462,0.4188,396,92.4175,2.384967742,0
5/4/2015,26.2133,26201684,61.0088,-0.0226,0,194,93.61892857,2.41597235,0
5/1/2015,26.2518,28303316,61.7567,-0.0232,0.1772,280,93.75642857,2.419520737,0
4/30/2015,26.0307,42984976,59.0782,-0.032,0.204,233,92.96678571,2.399142857,1
4/29/2015,26.0403,37153976,59.2457,-0.0268,-0.3233,278,93.00107143,2.40002765,0
4/28/2015,26.0691,38426612,59.7174,-0.0233,0.1515,315,93.10392857,2.402682028,0
4/27/2015,25.8384,36217680,57.185,-0.025,0.0284,153,92.28,2.381419355,1
4/24/2015,25.7615,27713960,56.3353,-0.0085,0.6113,335,92.00535714,2.374331797,1
4/23/2015,25.8096,38165836,56.9917,0.0201,0.2477,304,92.17714286,2.378764977,0
4/22/2015,25.8673,47056120,57.7413,0.0528,0.2865,423,92.38321429,2.384082949,0
4/21/2015,25.5885,76872344,55.0901,0.0883,0.3609,604,91.3875,2.358387097,1
4/20/2015,25.973,61686960,59.9037,0.1597,0.1843,235,92.76071429,2.393824885,0
4/17/2015,26.1941,87794528,62.8351,0.2154,0.3879,982,93.55035714,2.414202765,0
4/16/2015,26.2229,62363112,63.2098,0.2584,0.264,334,93.65321429,2.416857143,0
4/15/2015,26.396,56420064,65.3817,0.298,0.276,488,94.27142857,2.43281106,0
4/14/2015,26.6555,55777196,68.6681,0.3152,0.1184,763,95.19821429,2.456728111,0
4/13/2015,26.5594,153984848,68.1169,0.2874,0.0838,546,94.855,2.447870968,1
4/10/2015,27.4053,352701952,79.552,0.2275,0.1439,1504,97.87607143,2.525834101,0
4/9/2015,24.733,60149912,59.7124,0.0265,0.2273,203,88.33214286,2.279539171,1
4/8/2015,24.0409,22439204,47.4508,-0.0237,-0.6311,177,85.86035714,2.215751152,1
4/7/2015,24.0505,21261550,47.6378,-0.0307,0.1559,245,85.89464286,2.216635945,0
4/6/2015,24.2043,33445096,50.6003,-0.0397,0.365,50,86.44392857,2.23081106,0
4/2/2015,23.9736,29213060,45.9155,-0.0658,0.0625,308,85.62,2.209548387,1
4/1/2015,23.8775,38749528,43.8555,-0.0783,0.1678,442,85.27678571,2.200691244,1
3/31/2015,23.8486,34940928,43.2534,-0.0817,0.2675,336,79.49533333,2.214354689,1
3/30/2015,24.1466,27281424,48.2148,-0.0775,0.2483,98,80.48866667,2.242024141,0
3/27/2015,23.8967,28320556,43.1349,-0.0953,0.3378,282,79.65566667,2.218820799,1
3/26/2015,23.839,32504428,41.9139,-0.0909,0.2261,273,79.46333333,2.213463324,1
3/25/2015,23.9448,34897364,43.5041,-0.0716,0.1462,338,79.816,2.223286908,0
3/24/2015,24.2908,25801276,49.1738,-0.047,0.23,194,80.96933333,2.255413185,0
3/20/2015,24.4158,50632560,51.5839,-0.049,0.0245,208,81.386,2.267019499,0
3/19/2015,24.3485,38314848,50.481,-0.053,0.0242,222,81.16166667,2.260770659,1
3/18/2015,24.6465,38302820,55.6989,-0.0504,0.1874,299,82.155,2.288440111,0
3/17/2015,24.3293,34259012,50.6574,-0.0748,0.303,366,81.09766667,2.258987929,1
3/16/2015,24.4638,34610432,53.035,-0.0777,0.2263,340,81.546,2.271476323,0
3/13/2015,24.0697,45306960,46.1636,-0.0924,0.345,261,80.23233333,2.234883937,1
3/12/2015,24.4158,29369496,52.4164,-0.071,0.1999,399,81.386,2.267019499,0
3/11/2015,24.2139,36198080,48.6489,-0.0698,-0.3592,284,80.713,2.248272981,1
3/6/2015,24.435,32286776,53.3831,0.0116,-0.1789,220,81.45,2.268802228,0
3/5/2015,24.8195,28373772,62.4292,0.0531,0.8596,296,82.73166667,2.30450325,0
3/4/2015,24.6657,31543764,59.9056,0.0716,0.5164,254,82.219,2.290222841,1
2/27/2015,24.9829,51531828,70.6162,0.1305,0.0805,207,83.27633333,2.319675023,0
2/26/2015,24.8868,38247192,69.4095,0.128,-0.0689,240,82.956,2.310752089,1
2/25/2015,24.906,68219592,69.9429,0.1207,0.2681,308,83.02,2.312534819,0
2/24/2015,24.4062,42464096,63.0954,0.0951,0.2152,398,81.354,2.266128134,1
2/23/2015,24.1947,30774508,59.4678,0.0959,0.4102,63,80.649,2.246490251,1
2/20/2015,24.2331,39889844,60.4714,0.1095,0.0968,248,80.777,2.25005571,0
2/19/2015,24.0409,33232936,57.111,0.1174,-0.0726,263,80.13633333,2.232209842,1
2/18/2015,24.2716,30740798,63.0871,0.1396,-0.3659,198,80.90533333,2.253630455,0
2/17/2015,24.1947,35989548,61.8515,0.1398,0.0615,112,80.649,2.246490251,1
2/13/2015,24.1755,33076156,61.5527,0.1369,0.2012,167,80.585,2.244707521,1
2/12/2015,23.9255,26522270,57.5387,0.1238,-0.1529,218,79.75166667,2.221494893,1
2/11/2015,23.8102,24455252,55.5498,0.1198,0.1931,195,79.36733333,2.210789229,1
2/10/2015,23.7621,27075752,54.7294,0.1171,0.1351,203,79.207,2.20632312,1
2/9/2015,23.6852,27284032,53.4529,0.1104,0,111,78.95066667,2.199182916,1
2/6/2015,23.5699,27471976,51.5502,0.1012,-0.0842,227,78.56633333,2.188477252,1
2/5/2015,23.5507,25647378,51.2417,0.0931,-0.2797,234,78.50233333,2.186694522,1
2/4/2015,23.2238,33236000,45.794,0.0781,-0.375,314,77.41266667,2.15634169,1
2/3/2015,23.5218,37723848,50.5785,0.085,0.0869,227,78.406,2.184011142,0
2/2/2015,23.2719,39602516,46.201,0.0627,0.2014,134,77.573,2.160807799,1
1/30/2015,22.9643,54712156,40.1416,0.0521,0.2346,215,76.54766667,2.132246982,1
1/29/2015,23.1469,40436432,42.7993,0.067,0.1762,236,77.15633333,2.149201486,0
1/28/2015,22.9162,49653844,37.9833,0.0716,-0.2232,276,76.38733333,2.127780873,1
1/27/2015,23.4353,38398140,46.0911,0.1017,0.3202,329,78.11766667,2.175979573,0
1/26/2015,23.6372,39174856,49.9407,0.0939,0.5317,182,78.79066667,2.194726091,0
1/23/2015,23.5314,63738712,47.821,0.0589,0.2166,753,78.438,2.184902507,1
1/22/2015,23.3392,47129320,43.8035,0.0153,0.0322,317,77.79733333,2.167056639,1
1/21/2015,23.1085,37620304,38.5297,-0.0296,0.3509,434,77.02833333,2.145636026,1
1/20/2015,22.9258,44562068,33.9748,-0.0687,0.5183,176,76.41933333,2.128672238,1
1/16/2015,22.6759,49793936,27.1119,-0.1004,0.1454,152,75.58633333,2.105468895,1
1/15/2015,22.6663,31480084,26.8404,-0.1108,-0.0726,297,75.55433333,2.10457753,1
1/14/2015,22.8586,41850800,28.8358,-0.1115,-0.0383,270,76.19533333,2.122432683,0
1/13/2015,22.9355,41172848,29.6546,-0.1174,0.0534,227,76.45166667,2.129572888,0
1/9/2015,23.0989,43132200,31.3758,-0.1209,0.2116,206,76.99633333,2.144744661,0
1/8/2015,23.4257,43224384,34.9489,-0.1132,-0.1279,256,78.08566667,2.175088208,0
1/7/2015,23.1469,43642472,28.4999,-0.121,-0.2726,334,77.15633333,2.149201486,1
1/6/2015,23.1373,63759960,28.2722,-0.0918,0.134,338,77.12433333,2.148310121,1
1/5/2015,23.6468,42033196,33.5265,-0.0336,0.572,84,78.82266667,2.195617456,0
1/2/2015,24.089,40920800,39.4328,0.0126,-0.0107,42,80.29666667,2.236675952,0
